Year,FIPS_Code,State,Area_Name,Civilian_labor_force,Employed,Unemployed,Unemployment_rate
2000,0,US,United States,142601576.0,136904853.0,5696723.0,4.0
2000,1000,AL,Alabama,2147173.0,2047731.0,99442.0,4.600000000000001
2000,2000,AK,Alaska,319777.0,299590.0,20187.0,6.300000000000001
2000,4000,AZ,Arizona,2510611.0,2410825.0,99786.0,4.0
2000,5000,AR,Arkansas,1260507.0,1207833.0,52674.0,4.2
2000,6000,CA,California,16837536.0,16011619.0,825917.0,4.9
2000,8000,CO,Colorado,2358371.0,2294104.0,64267.0,2.7
2000,9000,CT,Connecticut,1760697.0,1723597.0,37100.0,2.1
2000,10000,DE,Delaware,412956.0,398188.0,14768.0,3.6
2000,12000,FL,Florida,7917857.0,7620683.0,297174.0,3.8
2000,13000,GA,Georgia,4202695.0,4055366.0,147329.0,3.5
2000,15000,HI,Hawaii,605395.0,579736.0,25659.0,4.2
2000,16000,ID,Idaho,661066.0,630228.0,30838.0,4.7
2000,17000,IL,Illinois,6494429.0,6206060.0,288369.0,4.4
2000,18000,IN,Indiana,3125304.0,3030889.0,94415.0,3.0
2000,19000,IA,Iowa,1594400.0,1551434.0,42966.0,2.7
2000,20000,KS,Kansas,1402606.0,1349841.0,52765.0,3.8
2000,21000,KY,Kentucky,1957400.0,1876232.0,81168.0,4.100000000000001
2000,22000,LA,Louisiana,2026392.0,1921984.0,104408.0,5.2
2000,23000,ME,Maine,677489.0,654981.0,22508.0,3.3
2000,24000,MD,Maryland,2801391.0,2702430.0,98961.0,3.5
2000,25000,MA,Massachusetts,3340566.0,3246356.0,94210.0,2.8
2000,26000,MI,Michigan,5156695.0,4968878.0,187817.0,3.6
2000,27000,MN,Minnesota,2799111.0,2714001.0,85110.0,3.0
2000,28000,MS,Mississippi,1309882.0,1239841.0,70041.0,5.300000000000001
2000,29000,MO,Missouri,2971441.0,2870458.0,100983.0,3.4
2000,30000,MT,Montana,470069.0,447383.0,22686.0,4.800000000000001
2000,31000,NE,Nebraska,938849.0,912620.0,26229.0,2.8
2000,32000,NV,Nevada,1070776.0,1026650.0,44126.0,4.100000000000001
2000,33000,NH,New Hampshire,685799.0,667603.0,18196.0,2.7
2000,34000,NJ,New Jersey,4287640.0,4130824.0,156816.0,3.7
2000,35000,NM,New Mexico,846150.0,803666.0,42484.0,5.0
2000,36000,NY,New York,9140541.0,8727537.0,413004.0,4.5
2000,37000,NC,North Carolina,4127465.0,3972811.0,154654.0,3.7
2000,38000,ND,North Dakota,342761.0,332615.0,10146.0,3.0
2000,39000,OH,Ohio,5781442.0,5544340.0,237102.0,4.100000000000001
2000,40000,OK,Oklahoma,1655517.0,1605949.0,49568.0,3.0
2000,41000,OR,Oregon,1811837.0,1717623.0,94214.0,5.2
2000,42000,PA,Pennsylvania,6105742.0,5848152.0,257590.0,4.2
2000,44000,RI,Rhode Island,542514.0,520813.0,21701.0,4.0
2000,45000,SC,South Carolina,1965481.0,1892559.0,72922.0,3.7
2000,46000,SD,South Dakota,408496.0,398124.0,10372.0,2.5
2000,47000,TN,Tennessee,2849026.0,2738785.0,110241.0,3.9
2000,48000,TX,Texas,10388337.0,9932973.0,455364.0,4.4
2000,49000,UT,Utah,1142860.0,1104750.0,38110.0,3.3
2000,50000,VT,Vermont,334055.0,324667.0,9388.0,2.8
2000,51000,VA,Virginia,3606390.0,3524481.0,81909.0,2.3
2000,53000,WA,Washington,3087680.0,2929824.0,157856.0,5.100000000000001
2000,54000,WV,West Virginia,799081.0,754457.0,44624.0,5.600000000000001
2000,55000,WI,Wisconsin,2985643.0,2884737.0,100906.0,3.4
2000,56000,WY,Wyoming,265701.0,255726.0,9975.0,3.8
2001,0,US,United States,143786537.0,136977996.0,6808541.0,4.7
2001,1000,AL,Alabama,2128027.0,2017467.0,110560.0,5.2
2001,2000,AK,Alaska,321652.0,301422.0,20230.0,6.300000000000001
2001,4000,AZ,Arizona,2593664.0,2470816.0,122848.0,4.7
2001,5000,AR,Arkansas,1261419.0,1201314.0,60105.0,4.800000000000001
2001,6000,CA,California,17096428.0,16160509.0,935919.0,5.5
2001,8000,CO,Colorado,2396012.0,2304547.0,91465.0,3.8
2001,9000,CT,Connecticut,1749195.0,1698594.0,50601.0,2.9
2001,10000,DE,Delaware,421563.0,406517.0,15046.0,3.6
2001,12000,FL,Florida,8048882.0,7692124.0,356758.0,4.4
2001,13000,GA,Georgia,4257901.0,4083528.0,174373.0,4.100000000000001
2001,15000,HI,Hawaii,607556.0,581379.0,26177.0,4.3
2001,16000,ID,Idaho,678281.0,643913.0,34368.0,5.100000000000001
2001,17000,IL,Illinois,6454092.0,6103092.0,351000.0,5.4
2001,18000,IN,Indiana,3143985.0,3010490.0,133495.0,4.2
2001,19000,IA,Iowa,1610634.0,1556923.0,53711.0,3.3
2001,20000,KS,Kansas,1398521.0,1338775.0,59746.0,4.3
2001,21000,KY,Kentucky,1953834.0,1852043.0,101791.0,5.2
2001,22000,LA,Louisiana,2027220.0,1913555.0,113665.0,5.600000000000001
2001,23000,ME,Maine,674958.0,649627.0,25331.0,3.8
2001,24000,MD,Maryland,2836279.0,2717443.0,118836.0,4.2
2001,25000,MA,Massachusetts,3386892.0,3258352.0,128540.0,3.8
2001,26000,MI,Michigan,5138844.0,4872118.0,266726.0,5.2
2001,27000,MN,Minnesota,2847955.0,2740867.0,107088.0,3.8
2001,28000,MS,Mississippi,1294733.0,1223536.0,71197.0,5.5
2001,29000,MO,Missouri,2987905.0,2853157.0,134748.0,4.5
2001,30000,MT,Montana,465355.0,443866.0,21489.0,4.600000000000001
2001,31000,NE,Nebraska,945374.0,915662.0,29712.0,3.1
2001,32000,NV,Nevada,1113529.0,1055769.0,57760.0,5.2
2001,33000,NH,New Hampshire,692029.0,668566.0,23463.0,3.4
2001,34000,NJ,New Jersey,4294366.0,4112095.0,182271.0,4.2
2001,35000,NM,New Mexico,855088.0,812557.0,42531.0,5.0
2001,36000,NY,New York,9126538.0,8680547.0,445991.0,4.9
2001,37000,NC,North Carolina,4191959.0,3956124.0,235835.0,5.600000000000001
2001,38000,ND,North Dakota,342528.0,332805.0,9723.0,2.8
2001,39000,OH,Ohio,5821151.0,5566414.0,254737.0,4.4
2001,40000,OK,Oklahoma,1672620.0,1611746.0,60874.0,3.6
2001,41000,OR,Oregon,1815076.0,1699359.0,115717.0,6.4
2001,42000,PA,Pennsylvania,6178900.0,5882813.0,296087.0,4.800000000000001
2001,44000,RI,Rhode Island,541661.0,517532.0,24129.0,4.5
2001,45000,SC,South Carolina,1941956.0,1839246.0,102710.0,5.300000000000001
2001,46000,SD,South Dakota,413493.0,401072.0,12421.0,3.0
2001,47000,TN,Tennessee,2857659.0,2728621.0,129038.0,4.5
2001,48000,TX,Texas,10539140.0,10014830.0,524310.0,5.0
2001,49000,UT,Utah,1162874.0,1112047.0,50827.0,4.4
2001,50000,VT,Vermont,338145.0,326980.0,11165.0,3.3
2001,51000,VA,Virginia,3681107.0,3559669.0,121438.0,3.3
2001,53000,WA,Washington,3085655.0,2900354.0,185301.0,6.0
2001,54000,WV,West Virginia,796596.0,753657.0,42939.0,5.4
2001,55000,WI,Wisconsin,3017681.0,2884305.0,133376.0,4.4
2001,56000,WY,Wyoming,268393.0,258172.0,10221.0,3.8
2002,0,US,United States,144839298.0,136455783.0,8383515.0,5.800000000000001
2002,1000,AL,Alabama,2112621.0,1987633.0,124988.0,5.9
2002,2000,AK,Alaska,327054.0,303560.0,23494.0,7.2
2002,4000,AZ,Arizona,2683502.0,2518051.0,165451.0,6.2
2002,5000,AR,Arkansas,1276964.0,1209006.0,67958.0,5.300000000000001
2002,6000,CA,California,17246528.0,16081472.0,1165056.0,6.800000000000001
2002,8000,CO,Colorado,2448903.0,2309639.0,139264.0,5.7
2002,9000,CT,Connecticut,1776064.0,1697788.0,78276.0,4.4
2002,10000,DE,Delaware,417207.0,399417.0,17790.0,4.3
2002,12000,FL,Florida,8050051.0,7651923.0,398128.0,4.9
2002,13000,GA,Georgia,4341617.0,4111627.0,229990.0,5.300000000000001
2002,15000,HI,Hawaii,601786.0,577616.0,24170.0,4.0
2002,16000,ID,Idaho,685650.0,647019.0,38631.0,5.600000000000001
2002,17000,IL,Illinois,6341891.0,5925990.0,415901.0,6.600000000000001
2002,18000,IN,Indiana,3161709.0,2997963.0,163746.0,5.2
2002,19000,IA,Iowa,1629047.0,1564178.0,64869.0,4.0
2002,20000,KS,Kansas,1419335.0,1347163.0,72172.0,5.100000000000001
2002,21000,KY,Kentucky,1944682.0,1832250.0,112432.0,5.800000000000001
2002,22000,LA,Louisiana,2013652.0,1892947.0,120705.0,6.0
2002,23000,ME,Maine,678559.0,648301.0,30258.0,4.5
2002,24000,MD,Maryland,2872367.0,2734977.0,137390.0,4.800000000000001
2002,25000,MA,Massachusetts,3436864.0,3257517.0,179347.0,5.2
2002,26000,MI,Michigan,5034722.0,4723286.0,311436.0,6.2
2002,27000,MN,Minnesota,2873004.0,2744745.0,128259.0,4.5
2002,28000,MS,Mississippi,1290793.0,1207799.0,82994.0,6.4
2002,29000,MO,Missouri,2981097.0,2823361.0,157736.0,5.300000000000001
2002,30000,MT,Montana,466408.0,445122.0,21286.0,4.600000000000001
2002,31000,NE,Nebraska,952937.0,917833.0,35104.0,3.7
2002,32000,NV,Nevada,1134096.0,1069601.0,64495.0,5.7
2002,33000,NH,New Hampshire,700563.0,668980.0,31583.0,4.5
2002,34000,NJ,New Jersey,4345273.0,4094389.0,250884.0,5.800000000000001
2002,35000,NM,New Mexico,866850.0,819275.0,47575.0,5.5
2002,36000,NY,New York,9294770.0,8718237.0,576533.0,6.2
2002,37000,NC,North Carolina,4209274.0,3917218.0,292056.0,6.9
2002,38000,ND,North Dakota,342463.0,330852.0,11611.0,3.4
2002,39000,OH,Ohio,5827493.0,5490092.0,337401.0,5.800000000000001
2002,40000,OK,Oklahoma,1685334.0,1607453.0,77881.0,4.600000000000001
2002,41000,OR,Oregon,1834254.0,1696894.0,137360.0,7.5
2002,42000,PA,Pennsylvania,6214539.0,5869299.0,345240.0,5.600000000000001
2002,44000,RI,Rhode Island,550244.0,522201.0,28043.0,5.100000000000001
2002,45000,SC,South Carolina,1954548.0,1828735.0,125813.0,6.4
2002,46000,SD,South Dakota,416793.0,403343.0,13450.0,3.2
2002,47000,TN,Tennessee,2898948.0,2750424.0,148524.0,5.100000000000001
2002,48000,TX,Texas,10742014.0,10061049.0,680965.0,6.300000000000001
2002,49000,UT,Utah,1179433.0,1112581.0,66852.0,5.7
2002,50000,VT,Vermont,343261.0,330080.0,13181.0,3.8
2002,51000,VA,Virginia,3739499.0,3576530.0,162969.0,4.4
2002,53000,WA,Washington,3101001.0,2881326.0,219675.0,7.100000000000001
2002,54000,WV,West Virginia,798709.0,747040.0,51669.0,6.5
2002,55000,WI,Wisconsin,3016760.0,2856234.0,160526.0,5.300000000000001
2002,56000,WY,Wyoming,269405.0,258571.0,10834.0,4.0
2003,0,US,United States,145660094.0,136944522.0,8715572.0,6.0
2003,1000,AL,Alabama,2128668.0,2001568.0,127100.0,6.0
2003,2000,AK,Alaska,332494.0,306964.0,25530.0,7.7
2003,4000,AZ,Arizona,2728649.0,2571097.0,157552.0,5.800000000000001
2003,5000,AR,Arkansas,1282578.0,1208583.0,73995.0,5.800000000000001
2003,6000,CA,California,17271899.0,16081515.0,1190384.0,6.9
2003,8000,CO,Colorado,2490397.0,2338432.0,151965.0,6.100000000000001
2003,9000,CT,Connecticut,1785737.0,1688380.0,97357.0,5.5
2003,10000,DE,Delaware,415890.0,397310.0,18580.0,4.5
2003,12000,FL,Florida,8123135.0,7760904.0,362231.0,4.5
2003,13000,GA,Georgia,4414282.0,4187003.0,227279.0,5.100000000000001
2003,15000,HI,Hawaii,603936.0,580352.0,23584.0,3.9
2003,16000,ID,Idaho,691702.0,653299.0,38403.0,5.600000000000001
2003,17000,IL,Illinois,6310520.0,5885134.0,425386.0,6.7
2003,18000,IN,Indiana,3178568.0,3011507.0,167061.0,5.300000000000001
2003,19000,IA,Iowa,1607931.0,1536505.0,71426.0,4.4
2003,20000,KS,Kansas,1441065.0,1361115.0,79950.0,5.5
2003,21000,KY,Kentucky,1965881.0,1844378.0,121503.0,6.2
2003,22000,LA,Louisiana,2024914.0,1897902.0,127012.0,6.300000000000001
2003,23000,ME,Maine,685165.0,649899.0,35266.0,5.100000000000001
2003,24000,MD,Maryland,2881024.0,2742966.0,138058.0,4.800000000000001
2003,25000,MA,Massachusetts,3418989.0,3223294.0,195695.0,5.7
2003,26000,MI,Michigan,5036119.0,4678901.0,357218.0,7.100000000000001
2003,27000,MN,Minnesota,2893369.0,2754850.0,138519.0,4.800000000000001
2003,28000,MS,Mississippi,1304578.0,1224551.0,80027.0,6.100000000000001
2003,29000,MO,Missouri,2983337.0,2814661.0,168676.0,5.7
2003,30000,MT,Montana,470502.0,448251.0,22251.0,4.7
2003,31000,NE,Nebraska,967039.0,928916.0,38123.0,3.9
2003,32000,NV,Nevada,1150376.0,1089893.0,60483.0,5.300000000000001
2003,33000,NH,New Hampshire,708938.0,677387.0,31551.0,4.5
2003,34000,NJ,New Jersey,4344387.0,4091465.0,252922.0,5.800000000000001
2003,35000,NM,New Mexico,880251.0,828390.0,51861.0,5.9
2003,36000,NY,New York,9283810.0,8689954.0,593856.0,6.4
2003,37000,NC,North Carolina,4285401.0,3997950.0,287451.0,6.7
2003,38000,ND,North Dakota,347099.0,335092.0,12007.0,3.5
2003,39000,OH,Ohio,5862996.0,5498959.0,364037.0,6.2
2003,40000,OK,Oklahoma,1686378.0,1595412.0,90966.0,5.4
2003,41000,OR,Oregon,1846328.0,1698482.0,147846.0,8.0
2003,42000,PA,Pennsylvania,6157935.0,5808102.0,349833.0,5.7
2003,44000,RI,Rhode Island,560785.0,529583.0,31202.0,5.600000000000001
2003,45000,SC,South Carolina,1999485.0,1855599.0,143886.0,7.2
2003,46000,SD,South Dakota,421524.0,406897.0,14627.0,3.5
2003,47000,TN,Tennessee,2904566.0,2744351.0,160215.0,5.5
2003,48000,TX,Texas,10910636.0,10176554.0,734082.0,6.7
2003,49000,UT,Utah,1197252.0,1130789.0,66463.0,5.600000000000001
2003,50000,VT,Vermont,346380.0,331239.0,15141.0,4.4
2003,51000,VA,Virginia,3772549.0,3609335.0,163214.0,4.3
2003,53000,WA,Washington,3136253.0,2910008.0,226245.0,7.2
2003,54000,WV,West Virginia,791841.0,739896.0,51945.0,6.600000000000001
2003,55000,WI,Wisconsin,3045298.0,2873956.0,171342.0,5.600000000000001
2003,56000,WY,Wyoming,272804.0,260995.0,11809.0,4.3
2004,0,US,United States,146724795.0,138613904.0,8110891.0,5.5
2004,1000,AL,Alabama,2138306.0,2018783.0,119523.0,5.600000000000001
2004,2000,AK,Alaska,337469.0,312394.0,25075.0,7.4
2004,4000,AZ,Arizona,2788618.0,2649564.0,139054.0,5.0
2004,5000,AR,Arkansas,1302378.0,1229546.0,72832.0,5.600000000000001
2004,6000,CA,California,17374506.0,16293555.0,1080951.0,6.2
2004,8000,CO,Colorado,2539389.0,2397588.0,141801.0,5.600000000000001
2004,9000,CT,Connecticut,1777510.0,1687121.0,90389.0,5.100000000000001
2004,10000,DE,Delaware,421093.0,402992.0,18101.0,4.3
2004,12000,FL,Florida,8347316.0,8033591.0,313725.0,3.8
2004,13000,GA,Georgia,4464780.0,4236301.0,228479.0,5.100000000000001
2004,15000,HI,Hawaii,611752.0,591594.0,20158.0,3.3
2004,16000,ID,Idaho,702872.0,668638.0,34234.0,4.9
2004,17000,IL,Illinois,6348716.0,5955739.0,392977.0,6.2
2004,18000,IN,Indiana,3165247.0,2993991.0,171256.0,5.4
2004,19000,IA,Iowa,1607438.0,1534634.0,72804.0,4.5
2004,20000,KS,Kansas,1458910.0,1378355.0,80555.0,5.5
2004,21000,KY,Kentucky,1969935.0,1861750.0,108185.0,5.5
2004,22000,LA,Louisiana,2030415.0,1914521.0,115894.0,5.7
2004,23000,ME,Maine,685989.0,654082.0,31907.0,4.7
2004,24000,MD,Maryland,2885111.0,2752186.0,132925.0,4.600000000000001
2004,25000,MA,Massachusetts,3400830.0,3226991.0,173839.0,5.100000000000001
2004,26000,MI,Michigan,5056148.0,4703962.0,352186.0,7.0
2004,27000,MN,Minnesota,2893478.0,2760746.0,132732.0,4.600000000000001
2004,28000,MS,Mississippi,1314982.0,1234123.0,80859.0,6.100000000000001
2004,29000,MO,Missouri,2995924.0,2819803.0,176121.0,5.9
2004,30000,MT,Montana,478226.0,456674.0,21552.0,4.5
2004,31000,NE,Nebraska,973636.0,935722.0,37914.0,3.9
2004,32000,NV,Nevada,1178651.0,1126205.0,52446.0,4.4
2004,33000,NH,New Hampshire,715495.0,688271.0,27224.0,3.8
2004,34000,NJ,New Jersey,4348048.0,4134064.0,213984.0,4.9
2004,35000,NM,New Mexico,890462.0,841002.0,49460.0,5.600000000000001
2004,36000,NY,New York,9359930.0,8816050.0,543880.0,5.800000000000001
2004,37000,NC,North Carolina,4287954.0,4036223.0,251731.0,5.9
2004,38000,ND,North Dakota,353652.0,341694.0,11958.0,3.4
2004,39000,OH,Ohio,5853714.0,5487218.0,366496.0,6.300000000000001
2004,40000,OK,Oklahoma,1690505.0,1610799.0,79706.0,4.7
2004,41000,OR,Oregon,1845407.0,1709561.0,135846.0,7.4
2004,42000,PA,Pennsylvania,6212828.0,5878607.0,334221.0,5.4
2004,44000,RI,Rhode Island,555679.0,526489.0,29190.0,5.300000000000001
2004,45000,SC,South Carolina,2043864.0,1891722.0,152142.0,7.4
2004,46000,SD,South Dakota,425953.0,410618.0,15335.0,3.6
2004,47000,TN,Tennessee,2897792.0,2742911.0,154881.0,5.300000000000001
2004,48000,TX,Texas,10998258.0,10336114.0,662144.0,6.0
2004,49000,UT,Utah,1231740.0,1170046.0,61694.0,5.0
2004,50000,VT,Vermont,347352.0,334555.0,12797.0,3.7
2004,51000,VA,Virginia,3814529.0,3658421.0,156108.0,4.100000000000001
2004,53000,WA,Washington,3189389.0,2988316.0,201073.0,6.300000000000001
2004,54000,WV,West Virginia,789527.0,743989.0,45538.0,5.800000000000001
2004,55000,WI,Wisconsin,3034621.0,2883573.0,151048.0,5.0
2004,56000,WY,Wyoming,274736.0,264187.0,10549.0,3.8
2005,0,US,United States,148597241.0,141000912.0,7596329.0,5.100000000000001
2005,1000,AL,Alabama,2140356.0,2045234.0,95122.0,4.4
2005,2000,AK,Alaska,344157.0,320273.0,23884.0,6.9
2005,4000,AZ,Arizona,2862517.0,2729018.0,133499.0,4.7
2005,5000,AR,Arkansas,1333880.0,1263663.0,70217.0,5.300000000000001
2005,6000,CA,California,17537931.0,16593622.0,944309.0,5.4
2005,8000,CO,Colorado,2572382.0,2442134.0,130248.0,5.100000000000001
2005,9000,CT,Connecticut,1794301.0,1707935.0,86366.0,4.800000000000001
2005,10000,DE,Delaware,433375.0,413828.0,19547.0,4.5
2005,12000,FL,Florida,8647279.0,8400346.0,246933.0,2.9
2005,13000,GA,Georgia,4598159.0,4336264.0,261895.0,5.7
2005,15000,HI,Hawaii,625530.0,607853.0,17677.0,2.8
2005,16000,ID,Idaho,730354.0,701400.0,28954.0,4.0
2005,17000,IL,Illinois,6410767.0,6044685.0,366082.0,5.7
2005,18000,IN,Indiana,3202215.0,3029258.0,172957.0,5.4
2005,19000,IA,Iowa,1628510.0,1558522.0,69988.0,4.3
2005,20000,KS,Kansas,1458767.0,1384654.0,74113.0,5.100000000000001
2005,21000,KY,Kentucky,1991726.0,1874747.0,116979.0,5.9
2005,22000,LA,Louisiana,2078215.0,1929492.0,148723.0,7.2
2005,23000,ME,Maine,695280.0,661176.0,34104.0,4.9
2005,24000,MD,Maryland,2931581.0,2799960.0,131621.0,4.5
2005,25000,MA,Massachusetts,3385536.0,3222953.0,162583.0,4.800000000000001
2005,26000,MI,Michigan,5069602.0,4725701.0,343901.0,6.800000000000001
2005,27000,MN,Minnesota,2880908.0,2762419.0,118489.0,4.100000000000001
2005,28000,MS,Mississippi,1317407.0,1217359.0,100048.0,7.600000000000001
2005,29000,MO,Missouri,3011096.0,2847795.0,163301.0,5.4
2005,30000,MT,Montana,485546.0,465728.0,19818.0,4.100000000000001
2005,31000,NE,Nebraska,972759.0,935914.0,36845.0,3.8
2005,32000,NV,Nevada,1228449.0,1177587.0,50862.0,4.100000000000001
2005,33000,NH,New Hampshire,726101.0,699666.0,26435.0,3.6
2005,34000,NJ,New Jersey,4387304.0,4192396.0,194908.0,4.4
2005,35000,NM,New Mexico,906007.0,858722.0,47285.0,5.2
2005,36000,NY,New York,9455488.0,8986176.0,469312.0,5.0
2005,37000,NC,North Carolina,4348830.0,4105112.0,243718.0,5.600000000000001
2005,38000,ND,North Dakota,356385.0,344595.0,11790.0,3.3
2005,39000,OH,Ohio,5880691.0,5531429.0,349262.0,5.9
2005,40000,OK,Oklahoma,1709289.0,1635004.0,74285.0,4.3
2005,41000,OR,Oregon,1848897.0,1734710.0,114187.0,6.2
2005,42000,PA,Pennsylvania,6256642.0,5943887.0,312755.0,5.0
2005,44000,RI,Rhode Island,563439.0,534535.0,28904.0,5.100000000000001
2005,45000,SC,South Carolina,2071111.0,1919644.0,151467.0,7.300000000000001
2005,46000,SD,South Dakota,429361.0,414088.0,15273.0,3.6
2005,47000,TN,Tennessee,2898490.0,2738224.0,160266.0,5.5
2005,48000,TX,Texas,11172694.0,10561373.0,611321.0,5.5
2005,49000,UT,Utah,1280653.0,1228827.0,51826.0,4.0
2005,50000,VT,Vermont,349521.0,337407.0,12114.0,3.5
2005,51000,VA,Virginia,3906549.0,3756587.0,149962.0,3.8
2005,53000,WA,Washington,3259772.0,3077058.0,182714.0,5.600000000000001
2005,54000,WV,West Virginia,794557.0,751202.0,43355.0,5.5
2005,55000,WI,Wisconsin,3029662.0,2885671.0,143991.0,4.800000000000001
2005,56000,WY,Wyoming,279083.0,269172.0,9911.0,3.6
2006,0,US,United States,150707773.0,143729350.0,6978423.0,4.600000000000001
2006,1000,AL,Alabama,2170007.0,2083207.0,86800.0,4.0
2006,2000,AK,Alaska,348756.0,325672.0,23084.0,6.600000000000001
2006,4000,AZ,Arizona,2970679.0,2843054.0,127625.0,4.3
2006,5000,AR,Arkansas,1346532.0,1276000.0,70532.0,5.2
2006,6000,CA,California,17661179.0,16797845.0,863334.0,4.9
2006,8000,CO,Colorado,2640452.0,2528550.0,111902.0,4.2
2006,9000,CT,Connecticut,1831083.0,1750385.0,80698.0,4.4
2006,10000,DE,Delaware,443228.0,425995.0,17233.0,3.9
2006,12000,FL,Florida,8927098.0,8707158.0,219940.0,2.5
2006,13000,GA,Georgia,4713863.0,4474820.0,239043.0,5.100000000000001
2006,15000,HI,Hawaii,635415.0,619362.0,16053.0,2.5
2006,16000,ID,Idaho,744475.0,718848.0,25627.0,3.4
2006,17000,IL,Illinois,6515687.0,6217917.0,297770.0,4.600000000000001
2006,18000,IN,Indiana,3235980.0,3075761.0,160219.0,5.0
2006,19000,IA,Iowa,1655924.0,1595344.0,60580.0,3.7
2006,20000,KS,Kansas,1467553.0,1402950.0,64603.0,4.4
2006,21000,KY,Kentucky,2026144.0,1910580.0,115564.0,5.7
2006,22000,LA,Louisiana,2001297.0,1919476.0,81821.0,4.100000000000001
2006,23000,ME,Maine,700747.0,667801.0,32946.0,4.7
2006,24000,MD,Maryland,2984444.0,2860048.0,124396.0,4.2
2006,25000,MA,Massachusetts,3411688.0,3251029.0,160659.0,4.7
2006,26000,MI,Michigan,5056734.0,4701385.0,355349.0,7.0
2006,27000,MN,Minnesota,2889613.0,2772171.0,117442.0,4.100000000000001
2006,28000,MS,Mississippi,1280618.0,1199290.0,81328.0,6.4
2006,29000,MO,Missouri,3036656.0,2888798.0,147858.0,4.9
2006,30000,MT,Montana,495166.0,478726.0,16440.0,3.3
2006,31000,NE,Nebraska,971430.0,941941.0,29489.0,3.0
2006,32000,NV,Nevada,1291512.0,1239263.0,52249.0,4.0
2006,33000,NH,New Hampshire,732384.0,706655.0,25729.0,3.5
2006,34000,NJ,New Jersey,4436646.0,4231848.0,204798.0,4.600000000000001
2006,35000,NM,New Mexico,914467.0,876100.0,38367.0,4.2
2006,36000,NY,New York,9520386.0,9090969.0,429417.0,4.5
2006,37000,NC,North Carolina,4461103.0,4232804.0,228299.0,5.100000000000001
2006,38000,ND,North Dakota,362712.0,351410.0,11302.0,3.1
2006,39000,OH,Ohio,5957220.0,5635968.0,321252.0,5.4
2006,40000,OK,Oklahoma,1714440.0,1647518.0,66922.0,3.9
2006,41000,OR,Oregon,1881770.0,1780651.0,101119.0,5.4
2006,42000,PA,Pennsylvania,6297964.0,6002761.0,295203.0,4.7
2006,44000,RI,Rhode Island,571586.0,541675.0,29911.0,5.2
2006,45000,SC,South Carolina,2148698.0,2001245.0,147453.0,6.9
2006,46000,SD,South Dakota,432760.0,419816.0,12944.0,3.0
2006,47000,TN,Tennessee,3014749.0,2856079.0,158670.0,5.300000000000001
2006,48000,TX,Texas,11335112.0,10770786.0,564326.0,5.0
2006,49000,UT,Utah,1333278.0,1295285.0,37993.0,2.8
2006,50000,VT,Vermont,355394.0,342232.0,13162.0,3.7
2006,51000,VA,Virginia,3976503.0,3844285.0,132218.0,3.3
2006,53000,WA,Washington,3330058.0,3164354.0,165704.0,5.0
2006,54000,WV,West Virginia,804910.0,763325.0,41585.0,5.2
2006,55000,WI,Wisconsin,3066266.0,2923575.0,142691.0,4.7
2006,56000,WY,Wyoming,284826.0,276310.0,8516.0,3.0
2007,0,US,United States,152191050.0,145156133.0,7034917.0,4.600000000000001
2007,1000,AL,Alabama,2180448.0,2092030.0,88418.0,4.100000000000001
2007,2000,AK,Alaska,350233.0,328309.0,21924.0,6.300000000000001
2007,4000,AZ,Arizona,3018805.0,2905144.0,113661.0,3.8
2007,5000,AR,Arkansas,1350811.0,1277902.0,72909.0,5.4
2007,6000,CA,California,17910726.0,16955400.0,955326.0,5.300000000000001
2007,8000,CO,Colorado,2687742.0,2588340.0,99402.0,3.7
2007,9000,CT,Connecticut,1856008.0,1773047.0,82961.0,4.5
2007,10000,DE,Delaware,445306.0,429203.0,16103.0,3.6
2007,12000,FL,Florida,9113604.0,8813449.0,300155.0,3.3
2007,13000,GA,Georgia,4810264.0,4573302.0,236962.0,4.9
2007,15000,HI,Hawaii,636710.0,619224.0,17486.0,2.7
2007,16000,ID,Idaho,755287.0,732155.0,23132.0,3.1
2007,17000,IL,Illinois,6639198.0,6301409.0,337789.0,5.100000000000001
2007,18000,IN,Indiana,3202589.0,3054548.0,148041.0,4.600000000000001
2007,19000,IA,Iowa,1662155.0,1600507.0,61648.0,3.7
2007,20000,KS,Kansas,1485414.0,1422109.0,63305.0,4.3
2007,21000,KY,Kentucky,2035493.0,1925716.0,109777.0,5.4
2007,22000,LA,Louisiana,2026793.0,1943648.0,83145.0,4.100000000000001
2007,23000,ME,Maine,699753.0,667061.0,32692.0,4.7
2007,24000,MD,Maryland,2989317.0,2877994.0,111323.0,3.7
2007,25000,MA,Massachusetts,3433239.0,3277912.0,155327.0,4.5
2007,26000,MI,Michigan,4994841.0,4640173.0,354668.0,7.100000000000001
2007,27000,MN,Minnesota,2898861.0,2765611.0,133250.0,4.600000000000001
2007,28000,MS,Mississippi,1293338.0,1213549.0,79789.0,6.2
2007,29000,MO,Missouri,3058119.0,2902504.0,155615.0,5.100000000000001
2007,30000,MT,Montana,505095.0,488129.0,16966.0,3.4
2007,31000,NE,Nebraska,979043.0,950318.0,28725.0,2.9
2007,32000,NV,Nevada,1344209.0,1282414.0,61795.0,4.600000000000001
2007,33000,NH,New Hampshire,737928.0,712023.0,25905.0,3.5
2007,34000,NJ,New Jersey,4436092.0,4248982.0,187110.0,4.2
2007,35000,NM,New Mexico,920673.0,887565.0,33108.0,3.6
2007,36000,NY,New York,9511023.0,9088287.0,422736.0,4.4
2007,37000,NC,North Carolina,4528594.0,4297692.0,230902.0,5.100000000000001
2007,38000,ND,North Dakota,367564.0,356434.0,11130.0,3.0
2007,39000,OH,Ohio,6017203.0,5679258.0,337945.0,5.600000000000001
2007,40000,OK,Oklahoma,1723271.0,1654796.0,68475.0,4.0
2007,41000,OR,Oregon,1910890.0,1812303.0,98587.0,5.2
2007,42000,PA,Pennsylvania,6346588.0,6057645.0,288943.0,4.600000000000001
2007,44000,RI,Rhode Island,571086.0,541956.0,29130.0,5.100000000000001
2007,45000,SC,South Carolina,2155198.0,2024493.0,130705.0,6.100000000000001
2007,46000,SD,South Dakota,436295.0,423910.0,12385.0,2.8
2007,47000,TN,Tennessee,3043258.0,2901946.0,141312.0,4.600000000000001
2007,48000,TX,Texas,11441054.0,10940176.0,500878.0,4.4
2007,49000,UT,Utah,1377638.0,1342237.0,35401.0,2.6
2007,50000,VT,Vermont,353268.0,339367.0,13901.0,3.9
2007,51000,VA,Virginia,4039414.0,3906626.0,132788.0,3.3
2007,53000,WA,Washington,3401404.0,3244794.0,156610.0,4.600000000000001
2007,54000,WV,West Virginia,804305.0,765517.0,38788.0,4.800000000000001
2007,55000,WI,Wisconsin,3087598.0,2938876.0,148722.0,4.800000000000001
2007,56000,WY,Wyoming,290748.0,283072.0,7676.0,2.6
2008,0,US,United States,153761037.0,144860349.0,8900688.0,5.800000000000001
2008,1000,AL,Alabama,2176854.0,2049579.0,127275.0,5.800000000000001
2008,2000,AK,Alaska,355298.0,332364.0,22934.0,6.5
2008,4000,AZ,Arizona,3095993.0,2916698.0,179295.0,5.800000000000001
2008,5000,AR,Arkansas,1357716.0,1284175.0,73541.0,5.4
2008,6000,CA,California,18179907.0,16856082.0,1323825.0,7.300000000000001
2008,8000,CO,Colorado,2734398.0,2601712.0,132686.0,4.9
2008,9000,CT,Connecticut,1878120.0,1772393.0,105727.0,5.600000000000001
2008,10000,DE,Delaware,450265.0,427694.0,22571.0,5.0
2008,12000,FL,Florida,9156458.0,8636212.0,520246.0,5.7
2008,13000,GA,Georgia,4863225.0,4534790.0,328435.0,6.800000000000001
2008,15000,HI,Hawaii,641526.0,615767.0,25759.0,4.0
2008,16000,ID,Idaho,759676.0,721828.0,37848.0,5.0
2008,17000,IL,Illinois,6652942.0,6222179.0,430763.0,6.5
2008,18000,IN,Indiana,3244790.0,3053593.0,191197.0,5.9
2008,19000,IA,Iowa,1682209.0,1612459.0,69750.0,4.100000000000001
2008,20000,KS,Kansas,1493365.0,1425022.0,68343.0,4.600000000000001
2008,21000,KY,Kentucky,2038225.0,1906275.0,131950.0,6.5
2008,22000,LA,Louisiana,2064692.0,1968676.0,96016.0,4.7
2008,23000,ME,Maine,701930.0,664441.0,37489.0,5.300000000000001
2008,24000,MD,Maryland,3027934.0,2891508.0,136426.0,4.5
2008,25000,MA,Massachusetts,3465906.0,3282299.0,183607.0,5.300000000000001
2008,26000,MI,Michigan,4915781.0,4513249.0,402532.0,8.200000000000001
2008,27000,MN,Minnesota,2914133.0,2756573.0,157560.0,5.4
2008,28000,MS,Mississippi,1293375.0,1206858.0,86517.0,6.7
2008,29000,MO,Missouri,3065251.0,2875600.0,189651.0,6.2
2008,30000,MT,Montana,512278.0,488259.0,24019.0,4.7
2008,31000,NE,Nebraska,987537.0,955470.0,32067.0,3.2
2008,32000,NV,Nevada,1373107.0,1278789.0,94318.0,6.9
2008,33000,NH,New Hampshire,742881.0,715076.0,27805.0,3.7
2008,34000,NJ,New Jersey,4495936.0,4251455.0,244481.0,5.4
2008,35000,NM,New Mexico,933628.0,893645.0,39983.0,4.3
2008,36000,NY,New York,9641100.0,9121271.0,519829.0,5.4
2008,37000,NC,North Carolina,4578477.0,4296605.0,281872.0,6.2
2008,38000,ND,North Dakota,371843.0,360446.0,11397.0,3.1
2008,39000,OH,Ohio,6002468.0,5609101.0,393367.0,6.600000000000001
2008,40000,OK,Oklahoma,1740886.0,1678409.0,62477.0,3.6
2008,41000,OR,Oregon,1946539.0,1825256.0,121283.0,6.2
2008,42000,PA,Pennsylvania,6439786.0,6096818.0,342968.0,5.300000000000001
2008,44000,RI,Rhode Island,568229.0,525187.0,43042.0,7.600000000000001
2008,45000,SC,South Carolina,2160084.0,2002903.0,157181.0,7.300000000000001
2008,46000,SD,South Dakota,439212.0,425670.0,13542.0,3.1
2008,47000,TN,Tennessee,3060778.0,2862093.0,198685.0,6.5
2008,48000,TX,Texas,11677743.0,11110499.0,567244.0,4.9
2008,49000,UT,Utah,1385646.0,1339394.0,46252.0,3.3
2008,50000,VT,Vermont,353986.0,337925.0,16061.0,4.5
2008,51000,VA,Virginia,4128589.0,3952723.0,175866.0,4.3
2008,53000,WA,Washington,3474043.0,3291664.0,182379.0,5.2
2008,54000,WV,West Virginia,806254.0,768294.0,37960.0,4.7
2008,55000,WI,Wisconsin,3098931.0,2945874.0,153057.0,4.9
2008,56000,WY,Wyoming,296620.0,287909.0,8711.0,2.9
2009,0,US,United States,153825454.0,139594699.0,14230755.0,9.3
2009,1000,AL,Alabama,2156593.0,1938784.0,217809.0,10.1
2009,2000,AK,Alaska,359379.0,330718.0,28661.0,8.0
2009,4000,AZ,Arizona,3128891.0,2826426.0,302465.0,9.700000000000001
2009,5000,AR,Arkansas,1353340.0,1248691.0,104649.0,7.7
2009,6000,CA,California,18305953.0,16193122.0,2112831.0,11.5
2009,8000,CO,Colorado,2730604.0,2515483.0,215121.0,7.9
2009,9000,CT,Connecticut,1888374.0,1731361.0,157013.0,8.3
2009,10000,DE,Delaware,438383.0,401718.0,36665.0,8.4
2009,12000,FL,Florida,8987789.0,8127251.0,860538.0,9.600000000000001
2009,13000,GA,Georgia,4792150.0,4292830.0,499320.0,10.4
2009,15000,HI,Hawaii,631970.0,589798.0,42172.0,6.7
2009,16000,ID,Idaho,763633.0,696832.0,66801.0,8.700000000000001
2009,17000,IL,Illinois,6601620.0,5928539.0,673081.0,10.2
2009,18000,IN,Indiana,3216535.0,2880173.0,336362.0,10.5
2009,19000,IA,Iowa,1677059.0,1569561.0,107498.0,6.4
2009,20000,KS,Kansas,1512572.0,1408142.0,104430.0,6.9
2009,21000,KY,Kentucky,2064847.0,1842085.0,222762.0,10.8
2009,22000,LA,Louisiana,2067873.0,1927200.0,140673.0,6.800000000000001
2009,23000,ME,Maine,697698.0,639142.0,58556.0,8.4
2009,24000,MD,Maryland,3049869.0,2819397.0,230472.0,7.600000000000001
2009,25000,MA,Massachusetts,3470431.0,3189506.0,280925.0,8.1
2009,26000,MI,Michigan,4860036.0,4221462.0,638574.0,13.1
2009,27000,MN,Minnesota,2932056.0,2699974.0,232082.0,7.9
2009,28000,MS,Mississippi,1268505.0,1149831.0,118674.0,9.4
2009,29000,MO,Missouri,3061704.0,2784890.0,276814.0,9.0
2009,30000,MT,Montana,502593.0,466778.0,35815.0,7.100000000000001
2009,31000,NE,Nebraska,987855.0,941903.0,45952.0,4.7
2009,32000,NV,Nevada,1367367.0,1207052.0,160315.0,11.7
2009,33000,NH,New Hampshire,739802.0,694362.0,45440.0,6.100000000000001
2009,34000,NJ,New Jersey,4540303.0,4133366.0,406937.0,9.0
2009,35000,NM,New Mexico,928373.0,862687.0,65686.0,7.100000000000001
2009,36000,NY,New York,9664010.0,8853905.0,810105.0,8.4
2009,37000,NC,North Carolina,4613198.0,4104074.0,509124.0,11.0
2009,38000,ND,North Dakota,370364.0,355736.0,14628.0,3.9
2009,39000,OH,Ohio,5904847.0,5304803.0,600044.0,10.2
2009,40000,OK,Oklahoma,1769447.0,1653357.0,116090.0,6.600000000000001
2009,41000,OR,Oregon,1968365.0,1755156.0,213209.0,10.8
2009,42000,PA,Pennsylvania,6400238.0,5890073.0,510165.0,8.0
2009,44000,RI,Rhode Island,571203.0,505930.0,65273.0,11.4
2009,45000,SC,South Carolina,2166737.0,1919307.0,247430.0,11.4
2009,46000,SD,South Dakota,441300.0,421123.0,20177.0,4.600000000000001
2009,47000,TN,Tennessee,3032658.0,2725134.0,307524.0,10.1
2009,48000,TX,Texas,11944138.0,11043167.0,900971.0,7.5
2009,49000,UT,Utah,1373841.0,1274210.0,99631.0,7.300000000000001
2009,50000,VT,Vermont,359282.0,337018.0,22264.0,6.2
2009,51000,VA,Virginia,4136186.0,3853351.0,282835.0,6.800000000000001
2009,53000,WA,Washington,3463713.0,3176729.0,286984.0,8.3
2009,54000,WV,West Virginia,811270.0,743870.0,67400.0,8.3
2009,55000,WI,Wisconsin,3112494.0,2833292.0,279202.0,9.0
2009,56000,WY,Wyoming,299893.0,281123.0,18770.0,6.300000000000001
2010,0,US,United States,154254521.0,139393814.0,14860707.0,9.600000000000001
2010,1000,AL,Alabama,2197028.0,1968824.0,228204.0,10.4
2010,2000,AK,Alaska,361707.0,332185.0,29522.0,8.200000000000001
2010,4000,AZ,Arizona,3096316.0,2777404.0,318912.0,10.3
2010,5000,AR,Arkansas,1353635.0,1247059.0,106576.0,7.9
2010,6000,CA,California,18370536.0,16078454.0,2292082.0,12.5
2010,8000,CO,Colorado,2715723.0,2466996.0,248727.0,9.200000000000001
2010,9000,CT,Connecticut,1911289.0,1728121.0,183168.0,9.600000000000001
2010,10000,DE,Delaware,436196.0,398388.0,37808.0,8.700000000000001
2010,12000,FL,Florida,9147107.0,8155401.0,991706.0,10.8
2010,13000,GA,Georgia,4709781.0,4207266.0,502515.0,10.7
2010,15000,HI,Hawaii,648549.0,604210.0,44339.0,6.800000000000001
2010,16000,ID,Idaho,762147.0,695265.0,66882.0,8.8
2010,17000,IL,Illinois,6612433.0,5918202.0,694231.0,10.5
2010,18000,IN,Indiana,3175885.0,2854843.0,321042.0,10.1
2010,19000,IA,Iowa,1674411.0,1571960.0,102451.0,6.100000000000001
2010,20000,KS,Kansas,1500463.0,1396172.0,104291.0,7.0
2010,21000,KY,Kentucky,2065023.0,1852302.0,212721.0,10.3
2010,22000,LA,Louisiana,2084462.0,1927720.0,156742.0,7.5
2010,23000,ME,Maine,697832.0,638984.0,58848.0,8.4
2010,24000,MD,Maryland,3078368.0,2836945.0,241423.0,7.800000000000001
2010,25000,MA,Massachusetts,3479304.0,3198617.0,280687.0,8.1
2010,26000,MI,Michigan,4754799.0,4173946.0,580853.0,12.2
2010,27000,MN,Minnesota,2940696.0,2722623.0,218073.0,7.4
2010,28000,MS,Mississippi,1309128.0,1176938.0,132190.0,10.1
2010,29000,MO,Missouri,3043249.0,2753910.0,289339.0,9.5
2010,30000,MT,Montana,500895.0,464808.0,36087.0,7.2
2010,31000,NE,Nebraska,992009.0,945195.0,46814.0,4.7
2010,32000,NV,Nevada,1358860.0,1171879.0,186981.0,13.8
2010,33000,NH,New Hampshire,739340.0,694132.0,45208.0,6.100000000000001
2010,34000,NJ,New Jersey,4559778.0,4118982.0,440796.0,9.700000000000001
2010,35000,NM,New Mexico,928862.0,856602.0,72260.0,7.800000000000001
2010,36000,NY,New York,9630297.0,8790607.0,839690.0,8.700000000000001
2010,37000,NC,North Carolina,4633695.0,4135783.0,497912.0,10.7
2010,38000,ND,North Dakota,379062.0,365041.0,14021.0,3.7
2010,39000,OH,Ohio,5871473.0,5267304.0,604169.0,10.3
2010,40000,OK,Oklahoma,1765708.0,1650502.0,115206.0,6.5
2010,41000,OR,Oregon,1991749.0,1778034.0,213715.0,10.7
2010,42000,PA,Pennsylvania,6360605.0,5838498.0,522107.0,8.200000000000001
2010,44000,RI,Rhode Island,571505.0,504957.0,66548.0,11.6
2010,45000,SC,South Carolina,2174535.0,1928442.0,246093.0,11.3
2010,46000,SD,South Dakota,443618.0,421815.0,21803.0,4.9
2010,47000,TN,Tennessee,3093118.0,2789056.0,304062.0,9.8
2010,48000,TX,Texas,12260100.0,11255444.0,1004656.0,8.200000000000001
2010,49000,UT,Utah,1350173.0,1242907.0,107266.0,7.9
2010,50000,VT,Vermont,359692.0,336920.0,22772.0,6.300000000000001
2010,51000,VA,Virginia,4163293.0,3858466.0,304827.0,7.300000000000001
2010,53000,WA,Washington,3458451.0,3142109.0,316342.0,9.1
2010,54000,WV,West Virginia,810101.0,739891.0,70210.0,8.700000000000001
2010,55000,WI,Wisconsin,3082935.0,2820620.0,262315.0,8.5
2010,56000,WY,Wyoming,301893.0,280953.0,20940.0,6.9
2011,0,US,United States,154520678.0,140688861.0,13831817.0,9.0
2011,1000,AL,Alabama,2202337.0,1991379.0,210958.0,9.600000000000001
2011,2000,AK,Alaska,364599.0,336312.0,28287.0,7.800000000000001
2011,4000,AZ,Arizona,3051937.0,2763761.0,288176.0,9.4
2011,5000,AR,Arkansas,1357819.0,1250431.0,107388.0,7.9
2011,6000,CA,California,18406756.0,16220602.0,2186154.0,11.9
2011,8000,CO,Colorado,2730262.0,2493472.0,236790.0,8.700000000000001
2011,9000,CT,Connecticut,1914449.0,1741971.0,172478.0,9.0
2011,10000,DE,Delaware,443971.0,410229.0,33742.0,7.600000000000001
2011,12000,FL,Florida,9260348.0,8334119.0,926229.0,10.0
2011,13000,GA,Georgia,4739281.0,4258833.0,480448.0,10.1
2011,15000,HI,Hawaii,660634.0,615470.0,45164.0,6.800000000000001
2011,16000,ID,Idaho,764205.0,701660.0,62545.0,8.200000000000001
2011,17000,IL,Illinois,6567531.0,5925787.0,641744.0,9.8
2011,18000,IN,Indiana,3189011.0,2904397.0,284614.0,8.9
2011,19000,IA,Iowa,1670056.0,1575767.0,94289.0,5.600000000000001
2011,20000,KS,Kansas,1498000.0,1402198.0,95802.0,6.4
2011,21000,KY,Kentucky,2061500.0,1868168.0,193332.0,9.4
2011,22000,LA,Louisiana,2080525.0,1926038.0,154487.0,7.4
2011,23000,ME,Maine,698979.0,644967.0,54012.0,7.7
2011,24000,MD,Maryland,3097300.0,2870857.0,226443.0,7.300000000000001
2011,25000,MA,Massachusetts,3484135.0,3232458.0,251677.0,7.2
2011,26000,MI,Michigan,4668979.0,4201785.0,467194.0,10.0
2011,27000,MN,Minnesota,2952527.0,2760400.0,192127.0,6.5
2011,28000,MS,Mississippi,1345990.0,1214638.0,131352.0,9.8
2011,29000,MO,Missouri,3032960.0,2770662.0,262298.0,8.6
2011,30000,MT,Montana,501065.0,467786.0,33279.0,6.600000000000001
2011,31000,NE,Nebraska,1003635.0,959325.0,44310.0,4.4
2011,32000,NV,Nevada,1360791.0,1179653.0,181138.0,13.3
2011,33000,NH,New Hampshire,736785.0,696591.0,40194.0,5.5
2011,34000,NJ,New Jersey,4561786.0,4134708.0,427078.0,9.4
2011,35000,NM,New Mexico,925108.0,858165.0,66943.0,7.2
2011,36000,NY,New York,9537752.0,8741662.0,796090.0,8.3
2011,37000,NC,North Carolina,4657873.0,4180071.0,477802.0,10.3
2011,38000,ND,North Dakota,387383.0,374434.0,12949.0,3.3
2011,39000,OH,Ohio,5773480.0,5263728.0,509752.0,8.8
2011,40000,OK,Oklahoma,1767056.0,1668235.0,98821.0,5.600000000000001
2011,41000,OR,Oregon,1995931.0,1804257.0,191674.0,9.600000000000001
2011,42000,PA,Pennsylvania,6381749.0,5886748.0,495001.0,7.800000000000001
2011,44000,RI,Rhode Island,562061.0,500109.0,61952.0,11.0
2011,45000,SC,South Carolina,2185171.0,1957493.0,227678.0,10.4
2011,46000,SD,South Dakota,445866.0,425367.0,20499.0,4.600000000000001
2011,47000,TN,Tennessee,3117492.0,2833278.0,284214.0,9.1
2011,48000,TX,Texas,12499595.0,11498869.0,1000726.0,8.0
2011,49000,UT,Utah,1341427.0,1246797.0,94630.0,7.100000000000001
2011,50000,VT,Vermont,357676.0,337779.0,19897.0,5.600000000000001
2011,51000,VA,Virginia,4205184.0,3929008.0,276176.0,6.600000000000001
2011,53000,WA,Washington,3437871.0,3144459.0,293412.0,8.5
2011,54000,WV,West Virginia,806568.0,743346.0,63222.0,7.800000000000001
2011,55000,WI,Wisconsin,3072157.0,2839987.0,232170.0,7.600000000000001
2011,56000,WY,Wyoming,302932.0,284273.0,18659.0,6.2
2012,0,US,United States,155038121.0,142527201.0,12510920.0,8.1
2012,1000,AL,Alabama,2178508.0,2000848.0,177660.0,8.200000000000001
2012,2000,AK,Alaska,364153.0,337834.0,26319.0,7.2
2012,4000,AZ,Arizona,3054343.0,2799634.0,254709.0,8.3
2012,5000,AR,Arkansas,1349888.0,1251883.0,98005.0,7.300000000000001
2012,6000,CA,California,18484881.0,16541039.0,1943842.0,10.5
2012,8000,CO,Colorado,2749192.0,2529785.0,219407.0,8.0
2012,9000,CT,Connecticut,1887545.0,1729687.0,157858.0,8.4
2012,10000,DE,Delaware,445962.0,414489.0,31473.0,7.100000000000001
2012,12000,FL,Florida,9335727.0,8529063.0,806664.0,8.6
2012,13000,GA,Georgia,4770618.0,4339369.0,431249.0,9.0
2012,15000,HI,Hawaii,650415.0,611985.0,38430.0,5.9
2012,16000,ID,Idaho,772112.0,714969.0,57143.0,7.4
2012,17000,IL,Illinois,6583689.0,5989454.0,594235.0,9.0
2012,18000,IN,Indiana,3172556.0,2911925.0,260631.0,8.200000000000001
2012,19000,IA,Iowa,1660180.0,1576236.0,83944.0,5.100000000000001
2012,20000,KS,Kansas,1490808.0,1405638.0,85170.0,5.7
2012,21000,KY,Kentucky,2060084.0,1891109.0,168975.0,8.200000000000001
2012,22000,LA,Louisiana,2089644.0,1948630.0,141014.0,6.7
2012,23000,ME,Maine,700730.0,650315.0,50415.0,7.2
2012,24000,MD,Maryland,3120947.0,2906518.0,214429.0,6.9
2012,25000,MA,Massachusetts,3506457.0,3271256.0,235201.0,6.7
2012,26000,MI,Michigan,4685462.0,4261963.0,423499.0,9.0
2012,27000,MN,Minnesota,2949770.0,2783181.0,166589.0,5.600000000000001
2012,28000,MS,Mississippi,1330450.0,1213245.0,117205.0,8.8
2012,29000,MO,Missouri,3004347.0,2789025.0,215322.0,7.2
2012,30000,MT,Montana,506441.0,477056.0,29385.0,5.800000000000001
2012,31000,NE,Nebraska,1012807.0,973448.0,39359.0,3.9
2012,32000,NV,Nevada,1366208.0,1207733.0,158475.0,11.6
2012,33000,NH,New Hampshire,740796.0,700448.0,40348.0,5.4
2012,34000,NJ,New Jersey,4576286.0,4147221.0,429065.0,9.4
2012,35000,NM,New Mexico,928762.0,863937.0,64825.0,7.0
2012,36000,NY,New York,9602599.0,8775083.0,827516.0,8.6
2012,37000,NC,North Carolina,4720203.0,4271383.0,448820.0,9.5
2012,38000,ND,North Dakota,395490.0,383888.0,11602.0,2.9
2012,39000,OH,Ohio,5712475.0,5290392.0,422083.0,7.4
2012,40000,OK,Oklahoma,1794901.0,1703624.0,91277.0,5.100000000000001
2012,41000,OR,Oregon,1964662.0,1791248.0,173414.0,8.8
2012,42000,PA,Pennsylvania,6449023.0,5955409.0,493614.0,7.7
2012,44000,RI,Rhode Island,560204.0,502897.0,57307.0,10.2
2012,45000,SC,South Carolina,2190203.0,1992957.0,197246.0,9.0
2012,46000,SD,South Dakota,447056.0,428943.0,18113.0,4.100000000000001
2012,47000,TN,Tennessee,3096322.0,2849727.0,246595.0,8.0
2012,48000,TX,Texas,12639465.0,11794975.0,844490.0,6.7
2012,49000,UT,Utah,1348557.0,1284149.0,64408.0,4.800000000000001
2012,50000,VT,Vermont,353947.0,336899.0,17048.0,4.800000000000001
2012,51000,VA,Virginia,4217529.0,3967151.0,250378.0,5.9
2012,53000,WA,Washington,3468738.0,3203294.0,265444.0,7.7
2012,54000,WV,West Virginia,808022.0,749587.0,58435.0,7.2
2012,55000,WI,Wisconsin,3070033.0,2857150.0,212883.0,6.9
2012,56000,WY,Wyoming,303748.0,287110.0,16638.0,5.5
2013,0,US,United States,155362278.0,143905037.0,11457241.0,7.4
2013,1000,AL,Alabama,2172102.0,2012828.0,159274.0,7.300000000000001
2013,2000,AK,Alaska,363544.0,338104.0,25440.0,7.0
2013,4000,AZ,Arizona,3064554.0,2825341.0,239213.0,7.800000000000001
2013,5000,AR,Arkansas,1331609.0,1237609.0,94000.0,7.100000000000001
2013,6000,CA,California,18565408.0,16887864.0,1677544.0,9.0
2013,8000,CO,Colorado,2766140.0,2579568.0,186572.0,6.7
2013,9000,CT,Connecticut,1867378.0,1718834.0,148544.0,8.0
2013,10000,DE,Delaware,443551.0,414215.0,29336.0,6.600000000000001
2013,12000,FL,Florida,9414664.0,8706060.0,708604.0,7.5
2013,13000,GA,Georgia,4750046.0,4363292.0,386754.0,8.1
2013,15000,HI,Hawaii,650978.0,620005.0,30973.0,4.800000000000001
2013,16000,ID,Idaho,777606.0,724545.0,53061.0,6.800000000000001
2013,17000,IL,Illinois,6556593.0,5961201.0,595392.0,9.1
2013,18000,IN,Indiana,3193683.0,2953672.0,240011.0,7.5
2013,19000,IA,Iowa,1676565.0,1597139.0,79426.0,4.7
2013,20000,KS,Kansas,1489395.0,1410470.0,78925.0,5.300000000000001
2013,21000,KY,Kentucky,2055895.0,1892777.0,163118.0,7.9
2013,22000,LA,Louisiana,2101974.0,1966755.0,135219.0,6.4
2013,23000,ME,Maine,704240.0,657058.0,47182.0,6.7
2013,24000,MD,Maryland,3128908.0,2924626.0,204282.0,6.5
2013,25000,MA,Massachusetts,3516689.0,3283144.0,233545.0,6.600000000000001
2013,26000,MI,Michigan,4736919.0,4323410.0,413509.0,8.700000000000001
2013,27000,MN,Minnesota,2961729.0,2812453.0,149276.0,5.0
2013,28000,MS,Mississippi,1273057.0,1164832.0,108225.0,8.5
2013,29000,MO,Missouri,3011198.0,2807115.0,204083.0,6.800000000000001
2013,30000,MT,Montana,511199.0,483798.0,27401.0,5.4
2013,31000,NE,Nebraska,1014830.0,977464.0,37366.0,3.7
2013,32000,NV,Nevada,1370727.0,1234021.0,136706.0,10.0
2013,33000,NH,New Hampshire,743036.0,704023.0,39013.0,5.300000000000001
2013,34000,NJ,New Jersey,4528019.0,4147661.0,380358.0,8.4
2013,35000,NM,New Mexico,929410.0,865207.0,64203.0,6.9
2013,36000,NY,New York,9632949.0,8880792.0,752157.0,7.800000000000001
2013,37000,NC,North Carolina,4701391.0,4336379.0,365012.0,7.800000000000001
2013,38000,ND,North Dakota,401518.0,389928.0,11590.0,2.9
2013,39000,OH,Ohio,5706777.0,5281459.0,425318.0,7.5
2013,40000,OK,Oklahoma,1799525.0,1707220.0,92305.0,5.100000000000001
2013,41000,OR,Oregon,1924692.0,1775139.0,149553.0,7.800000000000001
2013,42000,PA,Pennsylvania,6419837.0,5962130.0,457707.0,7.100000000000001
2013,44000,RI,Rhode Island,558747.0,505776.0,52971.0,9.5
2013,45000,SC,South Carolina,2197876.0,2034404.0,163472.0,7.4
2013,46000,SD,South Dakota,447479.0,430834.0,16645.0,3.7
2013,47000,TN,Tennessee,3078892.0,2840127.0,238765.0,7.800000000000001
2013,48000,TX,Texas,12832035.0,12022272.0,809763.0,6.300000000000001
2013,49000,UT,Utah,1385908.0,1327560.0,58348.0,4.2
2013,50000,VT,Vermont,350175.0,334684.0,15491.0,4.4
2013,51000,VA,Virginia,4238377.0,4002057.0,236320.0,5.600000000000001
2013,53000,WA,Washington,3460772.0,3230947.0,229825.0,6.600000000000001
2013,54000,WV,West Virginia,799481.0,745849.0,53632.0,6.7
2013,55000,WI,Wisconsin,3077801.0,2871988.0,205813.0,6.7
2013,56000,WY,Wyoming,302201.0,287792.0,14409.0,4.800000000000001
2014,0,US,United States,155936159.0,146318952.0,9617207.0,6.2
2014,1000,AL,Alabama,2164715.0,2018705.0,146010.0,6.7
2014,2000,AK,Alaska,364281.0,339704.0,24577.0,6.7
2014,4000,AZ,Arizona,3118441.0,2906193.0,212248.0,6.800000000000001
2014,5000,AR,Arkansas,1327959.0,1249766.0,78193.0,5.9
2014,6000,CA,California,18676692.0,17264518.0,1412174.0,7.600000000000001
2014,8000,CO,Colorado,2800666.0,2661070.0,139596.0,5.0
2014,9000,CT,Connecticut,1889102.0,1764118.0,124984.0,6.600000000000001
2014,10000,DE,Delaware,452712.0,427400.0,25312.0,5.600000000000001
2014,12000,FL,Florida,9546407.0,8931440.0,614967.0,6.4
2014,13000,GA,Georgia,4745859.0,4407067.0,338792.0,7.100000000000001
2014,15000,HI,Hawaii,664014.0,635913.0,28101.0,4.2
2014,16000,ID,Idaho,776937.0,742805.0,34132.0,4.4
2014,17000,IL,Illinois,6516372.0,6049059.0,467313.0,7.2
2014,18000,IN,Indiana,3228524.0,3036685.0,191839.0,5.9
2014,19000,IA,Iowa,1698718.0,1626676.0,72042.0,4.2
2014,20000,KS,Kansas,1494203.0,1426892.0,67311.0,4.5
2014,21000,KY,Kentucky,2006518.0,1877551.0,128967.0,6.4
2014,22000,LA,Louisiana,2141519.0,2007668.0,133851.0,6.300000000000001
2014,23000,ME,Maine,698035.0,659008.0,39027.0,5.600000000000001
2014,24000,MD,Maryland,3125017.0,2945911.0,179106.0,5.7
2014,25000,MA,Massachusetts,3569557.0,3364853.0,204704.0,5.7
2014,26000,MI,Michigan,4759720.0,4416017.0,343703.0,7.2
2014,27000,MN,Minnesota,2979798.0,2852488.0,127310.0,4.3
2014,28000,MS,Mississippi,1243934.0,1149277.0,94657.0,7.600000000000001
2014,29000,MO,Missouri,3035599.0,2848571.0,187028.0,6.2
2014,30000,MT,Montana,512613.0,488738.0,23875.0,4.7
2014,31000,NE,Nebraska,1012727.0,979728.0,32999.0,3.3
2014,32000,NV,Nevada,1380084.0,1267424.0,112660.0,8.200000000000001
2014,33000,NH,New Hampshire,743756.0,711740.0,32016.0,4.3
2014,34000,NJ,New Jersey,4493894.0,4191318.0,302576.0,6.7
2014,35000,NM,New Mexico,931950.0,870570.0,61380.0,6.600000000000001
2014,36000,NY,New York,9523567.0,8925328.0,598239.0,6.300000000000001
2014,37000,NC,North Carolina,4698287.0,4410647.0,287640.0,6.100000000000001
2014,38000,ND,North Dakota,409503.0,398783.0,10720.0,2.6
2014,39000,OH,Ohio,5713176.0,5381787.0,331389.0,5.800000000000001
2014,40000,OK,Oklahoma,1797769.0,1719826.0,77943.0,4.3
2014,41000,OR,Oregon,1950128.0,1820202.0,129926.0,6.7
2014,42000,PA,Pennsylvania,6389059.0,6010075.0,378984.0,5.9
2014,44000,RI,Rhode Island,556635.0,513406.0,43229.0,7.800000000000001
2014,45000,SC,South Carolina,2222426.0,2082941.0,139485.0,6.300000000000001
2014,46000,SD,South Dakota,450769.0,435733.0,15036.0,3.3
2014,47000,TN,Tennessee,3043573.0,2842540.0,201033.0,6.600000000000001
2014,48000,TX,Texas,13006202.0,12333076.0,673126.0,5.2
2014,49000,UT,Utah,1415779.0,1364353.0,51426.0,3.6
2014,50000,VT,Vermont,348697.0,334742.0,13955.0,4.0
2014,51000,VA,Virginia,4258856.0,4040908.0,217948.0,5.100000000000001
2014,53000,WA,Washington,3495153.0,3287904.0,207249.0,5.9
2014,54000,WV,West Virginia,795733.0,743955.0,51778.0,6.5
2014,55000,WI,Wisconsin,3077981.0,2913764.0,164217.0,5.300000000000001
2014,56000,WY,Wyoming,302865.0,289694.0,13171.0,4.3
2015,0,US,United States,156840649.0,148554918.0,8285731.0,5.300000000000001
2015,1000,AL,Alabama,2152295.0,2020443.0,131852.0,6.100000000000001
2015,2000,AK,Alaska,362425.0,339604.0,22821.0,6.300000000000001
2015,4000,AZ,Arizona,3184445.0,2990545.0,193900.0,6.100000000000001
2015,5000,AR,Arkansas,1339301.0,1272785.0,66516.0,5.0
2015,6000,CA,California,18824141.0,17647409.0,1176732.0,6.300000000000001
2015,8000,CO,Colorado,2825761.0,2719997.0,105764.0,3.7
2015,9000,CT,Connecticut,1892087.0,1785788.0,106299.0,5.600000000000001
2015,10000,DE,Delaware,462752.0,440555.0,22197.0,4.800000000000001
2015,12000,FL,Florida,9639737.0,9106772.0,532965.0,5.5
2015,13000,GA,Georgia,4734088.0,4446515.0,287573.0,6.100000000000001
2015,15000,HI,Hawaii,670594.0,647616.0,22978.0,3.4
2015,16000,ID,Idaho,795014.0,764121.0,30893.0,3.9
2015,17000,IL,Illinois,6511797.0,6119934.0,391863.0,6.0
2015,18000,IN,Indiana,3266392.0,3109791.0,156601.0,4.800000000000001
2015,19000,IA,Iowa,1700549.0,1637467.0,63082.0,3.7
2015,20000,KS,Kansas,1493782.0,1431533.0,62249.0,4.2
2015,21000,KY,Kentucky,1979641.0,1876009.0,103632.0,5.2
2015,22000,LA,Louisiana,2150050.0,2015081.0,134969.0,6.300000000000001
2015,23000,ME,Maine,687859.0,657550.0,30309.0,4.4
2015,24000,MD,Maryland,3139988.0,2983083.0,156905.0,5.0
2015,25000,MA,Massachusetts,3589409.0,3417296.0,172113.0,4.800000000000001
2015,26000,MI,Michigan,4760207.0,4501816.0,258391.0,5.4
2015,27000,MN,Minnesota,3005414.0,2891673.0,113741.0,3.8
2015,28000,MS,Mississippi,1260015.0,1178018.0,81997.0,6.5
2015,29000,MO,Missouri,3057859.0,2901467.0,156392.0,5.100000000000001
2015,30000,MT,Montana,517901.0,495725.0,22176.0,4.3
2015,31000,NE,Nebraska,1011666.0,981326.0,30340.0,3.0
2015,32000,NV,Nevada,1396761.0,1301094.0,95667.0,6.800000000000001
2015,33000,NH,New Hampshire,746317.0,720832.0,25485.0,3.4
2015,34000,NJ,New Jersey,4494606.0,4237876.0,256730.0,5.7
2015,35000,NM,New Mexico,938300.0,876206.0,62094.0,6.600000000000001
2015,36000,NY,New York,9536519.0,9035989.0,500530.0,5.2
2015,37000,NC,North Carolina,4763821.0,4493882.0,269939.0,5.7
2015,38000,ND,North Dakota,410764.0,399296.0,11468.0,2.8
2015,39000,OH,Ohio,5710776.0,5427850.0,282926.0,5.0
2015,40000,OK,Oklahoma,1829046.0,1750501.0,78545.0,4.3
2015,41000,OR,Oregon,1979475.0,1871286.0,108189.0,5.5
2015,42000,PA,Pennsylvania,6423155.0,6076402.0,346753.0,5.4
2015,44000,RI,Rhode Island,555272.0,521767.0,33505.0,6.0
2015,45000,SC,South Carolina,2267837.0,2134087.0,133750.0,5.9
2015,46000,SD,South Dakota,453091.0,439293.0,13798.0,3.0
2015,47000,TN,Tennessee,3074216.0,2902684.0,171532.0,5.600000000000001
2015,48000,TX,Texas,13090961.0,12503464.0,587497.0,4.5
2015,49000,UT,Utah,1453457.0,1401945.0,51512.0,3.5
2015,50000,VT,Vermont,346512.0,334262.0,12250.0,3.5
2015,51000,VA,Virginia,4233981.0,4048081.0,185900.0,4.4
2015,53000,WA,Washington,3554826.0,3361249.0,193577.0,5.4
2015,54000,WV,West Virginia,791526.0,739455.0,52071.0,6.600000000000001
2015,55000,WI,Wisconsin,3084207.0,2947048.0,137159.0,4.4
2015,56000,WY,Wyoming,301608.0,288894.0,12714.0,4.2
2016,0,US,United States,158674951.0,150949349.0,7725602.0,4.9
2016,1000,AL,Alabama,2155729.0,2029157.0,126572.0,5.9
2016,2000,AK,Alaska,362017.0,338193.0,23824.0,6.600000000000001
2016,4000,AZ,Arizona,3253468.0,3075851.0,177617.0,5.5
2016,5000,AR,Arkansas,1343891.0,1290430.0,53461.0,4.0
2016,6000,CA,California,19012017.0,17965407.0,1046610.0,5.5
2016,8000,CO,Colorado,2894157.0,2803504.0,90653.0,3.1
2016,9000,CT,Connecticut,1893200.0,1801390.0,91810.0,4.800000000000001
2016,10000,DE,Delaware,468808.0,447640.0,21168.0,4.5
2016,12000,FL,Florida,9841301.0,9360237.0,481064.0,4.9
2016,13000,GA,Georgia,4921814.0,4653740.0,268074.0,5.4
2016,15000,HI,Hawaii,679121.0,659557.0,19564.0,2.9
2016,16000,ID,Idaho,812921.0,783180.0,29741.0,3.7
2016,17000,IL,Illinois,6559038.0,6172672.0,386366.0,5.9
2016,18000,IN,Indiana,3331821.0,3186420.0,145401.0,4.4
2016,19000,IA,Iowa,1703164.0,1642152.0,61012.0,3.6
2016,20000,KS,Kansas,1491961.0,1431920.0,60041.0,4.0
2016,21000,KY,Kentucky,2015645.0,1914479.0,101166.0,5.0
2016,22000,LA,Louisiana,2123690.0,1994639.0,129051.0,6.100000000000001
2016,23000,ME,Maine,693917.0,667723.0,26194.0,3.8
2016,24000,MD,Maryland,3155918.0,3020827.0,135091.0,4.3
2016,25000,MA,Massachusetts,3617498.0,3472327.0,145171.0,4.0
2016,26000,MI,Michigan,4848638.0,4606948.0,241690.0,5.0
2016,27000,MN,Minnesota,3023110.0,2906348.0,116762.0,3.9
2016,28000,MS,Mississippi,1271836.0,1196241.0,75595.0,5.9
2016,29000,MO,Missouri,3072904.0,2933457.0,139447.0,4.5
2016,30000,MT,Montana,521736.0,499266.0,22470.0,4.3
2016,31000,NE,Nebraska,1016062.0,984966.0,31096.0,3.1
2016,32000,NV,Nevada,1414233.0,1332390.0,81843.0,5.800000000000001
2016,33000,NH,New Hampshire,752478.0,731002.0,21476.0,2.9
2016,34000,NJ,New Jersey,4492821.0,4271201.0,221620.0,4.9
2016,35000,NM,New Mexico,944245.0,880515.0,63730.0,6.7
2016,36000,NY,New York,9527021.0,9062866.0,464155.0,4.9
2016,37000,NC,North Carolina,4844851.0,4598456.0,246395.0,5.100000000000001
2016,38000,ND,North Dakota,411778.0,399001.0,12777.0,3.1
2016,39000,OH,Ohio,5754480.0,5464097.0,290383.0,5.0
2016,40000,OK,Oklahoma,1828055.0,1743225.0,84830.0,4.600000000000001
2016,41000,OR,Oregon,2042929.0,1946233.0,96696.0,4.7
2016,42000,PA,Pennsylvania,6458891.0,6114644.0,344247.0,5.300000000000001
2016,44000,RI,Rhode Island,553231.0,524438.0,28793.0,5.2
2016,45000,SC,South Carolina,2286054.0,2174301.0,111753.0,4.9
2016,46000,SD,South Dakota,455133.0,441418.0,13715.0,3.0
2016,47000,TN,Tennessee,3136399.0,2987679.0,148720.0,4.7
2016,48000,TX,Texas,13346836.0,12728898.0,617938.0,4.600000000000001
2016,49000,UT,Utah,1500137.0,1449981.0,50156.0,3.3
2016,50000,VT,Vermont,345851.0,335043.0,10808.0,3.1
2016,51000,VA,Virginia,4254348.0,4084822.0,169526.0,4.0
2016,53000,WA,Washington,3648558.0,3459527.0,189031.0,5.2
2016,54000,WV,West Virginia,785104.0,737205.0,47899.0,6.100000000000001
2016,55000,WI,Wisconsin,3110466.0,2988744.0,121722.0,3.9
2016,56000,WY,Wyoming,300546.0,284439.0,16107.0,5.4
2017,0,US,United States,160744592.0,153744181.0,7000411.0,4.4
2017,1000,AL,Alabama,2203458.0,2103873.0,99585.0,4.5
2017,2000,AK,Alaska,360589.0,337108.0,23481.0,6.5
2017,4000,AZ,Arizona,3240111.0,3079700.0,160411.0,5.0
2017,5000,AR,Arkansas,1348088.0,1297854.0,50234.0,3.7
2017,6000,CA,California,19185366.0,18258064.0,927302.0,4.800000000000001
2017,8000,CO,Colorado,2963790.0,2885980.0,77810.0,2.6
2017,9000,CT,Connecticut,1923711.0,1838833.0,84878.0,4.4
2017,10000,DE,Delaware,475214.0,453949.0,21265.0,4.5
2017,12000,FL,Florida,9972990.0,9544892.0,428098.0,4.3
2017,13000,GA,Georgia,5107889.0,4864813.0,243076.0,4.800000000000001
2017,15000,HI,Hawaii,695303.0,679865.0,15438.0,2.2
2017,16000,ID,Idaho,839776.0,812875.0,26901.0,3.2
2017,17000,IL,Illinois,6562291.0,6237933.0,324358.0,4.9
2017,18000,IN,Indiana,3333693.0,3217049.0,116644.0,3.5
2017,19000,IA,Iowa,1697495.0,1645660.0,51835.0,3.1
2017,20000,KS,Kansas,1488346.0,1434516.0,53830.0,3.6
2017,21000,KY,Kentucky,2053398.0,1955234.0,98164.0,4.800000000000001
2017,22000,LA,Louisiana,2108485.0,2000487.0,107998.0,5.100000000000001
2017,23000,ME,Maine,703871.0,680164.0,23707.0,3.4
2017,24000,MD,Maryland,3243896.0,3114580.0,129316.0,4.0
2017,25000,MA,Massachusetts,3724520.0,3582389.0,142131.0,3.8
2017,26000,MI,Michigan,4911247.0,4685853.0,225394.0,4.600000000000001
2017,27000,MN,Minnesota,3071006.0,2963830.0,107176.0,3.5
2017,28000,MS,Mississippi,1272685.0,1206102.0,66583.0,5.2
2017,29000,MO,Missouri,3053526.0,2939306.0,114220.0,3.7
2017,30000,MT,Montana,528441.0,506871.0,21570.0,4.100000000000001
2017,31000,NE,Nebraska,1023163.0,992740.0,30423.0,3.0
2017,32000,NV,Nevada,1444262.0,1372022.0,72240.0,5.0
2017,33000,NH,New Hampshire,758133.0,736918.0,21215.0,2.8
2017,34000,NJ,New Jersey,4614953.0,4406151.0,208802.0,4.5
2017,35000,NM,New Mexico,948581.0,890988.0,57593.0,6.100000000000001
2017,36000,NY,New York,9838170.0,9382750.0,455420.0,4.600000000000001
2017,37000,NC,North Carolina,4865900.0,4646212.0,219688.0,4.5
2017,38000,ND,North Dakota,415765.0,404901.0,10864.0,2.6
2017,39000,OH,Ohio,5818975.0,5529479.0,289496.0,5.0
2017,40000,OK,Oklahoma,1826272.0,1752733.0,73539.0,4.0
2017,41000,OR,Oregon,2075682.0,1991503.0,84179.0,4.100000000000001
2017,42000,PA,Pennsylvania,6485253.0,6161913.0,323340.0,5.0
2017,44000,RI,Rhode Island,568144.0,542552.0,25592.0,4.5
2017,45000,SC,South Carolina,2261766.0,2166708.0,95058.0,4.2
2017,46000,SD,South Dakota,455339.0,441450.0,13889.0,3.1
2017,47000,TN,Tennessee,3197032.0,3077515.0,119517.0,3.7
2017,48000,TX,Texas,13473991.0,12888025.0,585966.0,4.3
2017,49000,UT,Utah,1554352.0,1505413.0,48939.0,3.1
2017,50000,VT,Vermont,355385.0,344698.0,10687.0,3.0
2017,51000,VA,Virginia,4352977.0,4193290.0,159687.0,3.7
2017,53000,WA,Washington,3727683.0,3554754.0,172929.0,4.600000000000001
2017,54000,WV,West Virginia,784744.0,743786.0,40958.0,5.2
2017,55000,WI,Wisconsin,3141757.0,3039348.0,102409.0,3.3
2017,56000,WY,Wyoming,293802.0,281164.0,12638.0,4.3
2018,0,US,United States,162039448.0,155727509.0,6311939.0,3.9
2018,1000,AL,Alabama,2240109.0,2152270.0,87839.0,3.9
2018,2000,AK,Alaska,355499.0,334068.0,21431.0,6.0
2018,4000,AZ,Arizona,3325721.0,3166013.0,159708.0,4.800000000000001
2018,5000,AR,Arkansas,1343862.0,1294809.0,49053.0,3.7
2018,6000,CA,California,19289505.0,18469910.0,819595.0,4.2
2018,8000,CO,Colorado,3054347.0,2961423.0,92924.0,3.0
2018,9000,CT,Connecticut,1923872.0,1849370.0,74502.0,3.9
2018,10000,DE,Delaware,480371.0,462545.0,17826.0,3.7
2018,12000,FL,Florida,10118306.0,9749598.0,368708.0,3.6
2018,13000,GA,Georgia,5126923.0,4922489.0,204434.0,4.0
2018,15000,HI,Hawaii,692457.0,675849.0,16608.0,2.4
2018,16000,ID,Idaho,862434.0,837767.0,24667.0,2.9
2018,17000,IL,Illinois,6557416.0,6270844.0,286572.0,4.4
2018,18000,IN,Indiana,3392579.0,3276805.0,115774.0,3.4
2018,19000,IA,Iowa,1711811.0,1667817.0,43994.0,2.6
2018,20000,KS,Kansas,1493360.0,1443204.0,50156.0,3.4
2018,21000,KY,Kentucky,2052877.0,1966186.0,86691.0,4.2
2018,22000,LA,Louisiana,2109741.0,2007981.0,101760.0,4.800000000000001
2018,23000,ME,Maine,700856.0,678584.0,22272.0,3.2
2018,24000,MD,Maryland,3270635.0,3146485.0,124150.0,3.8
2018,25000,MA,Massachusetts,3818769.0,3686198.0,132571.0,3.5
2018,26000,MI,Michigan,4944794.0,4739081.0,205713.0,4.2
2018,27000,MN,Minnesota,3075090.0,2982658.0,92432.0,3.0
2018,28000,MS,Mississippi,1268040.0,1205342.0,62698.0,4.9
2018,29000,MO,Missouri,3048449.0,2949963.0,98486.0,3.2
2018,30000,MT,Montana,535140.0,515213.0,19927.0,3.7
2018,31000,NE,Nebraska,1036411.0,1006283.0,30128.0,2.9
2018,32000,NV,Nevada,1494692.0,1429284.0,65408.0,4.4
2018,33000,NH,New Hampshire,770469.0,750285.0,20184.0,2.6
2018,34000,NJ,New Jersey,4604787.0,4420713.0,184074.0,4.0
2018,35000,NM,New Mexico,944936.0,898360.0,46576.0,4.9
2018,36000,NY,New York,9826126.0,9424212.0,401914.0,4.100000000000001
2018,37000,NC,North Carolina,4911884.0,4715616.0,196268.0,4.0
2018,38000,ND,North Dakota,412069.0,402201.0,9868.0,2.4
2018,39000,OH,Ohio,5819989.0,5558124.0,261865.0,4.5
2018,40000,OK,Oklahoma,1831256.0,1771251.0,60005.0,3.3
2018,41000,OR,Oregon,2080051.0,1996490.0,83561.0,4.0
2018,42000,PA,Pennsylvania,6509775.0,6222004.0,287771.0,4.4
2018,44000,RI,Rhode Island,572663.0,549529.0,23134.0,4.0
2018,45000,SC,South Carolina,2282022.0,2205356.0,76666.0,3.4
2018,46000,SD,South Dakota,459202.0,446413.0,12789.0,2.8
2018,47000,TN,Tennessee,3257053.0,3143792.0,113261.0,3.5
2018,48000,TX,Texas,13714126.0,13178793.0,535333.0,3.9
2018,49000,UT,Utah,1584494.0,1538295.0,46199.0,2.9
2018,50000,VT,Vermont,355343.0,346553.0,8790.0,2.5
2018,51000,VA,Virginia,4359053.0,4228274.0,130779.0,3.0
2018,53000,WA,Washington,3814538.0,3645992.0,168546.0,4.4
2018,54000,WV,West Virginia,793415.0,752602.0,40813.0,5.100000000000001
2018,55000,WI,Wisconsin,3123898.0,3030659.0,93239.0,3.0
2018,56000,WY,Wyoming,292629.0,280754.0,11875.0,4.100000000000001
2019,0,US,United States,163815888.0,157805898.0,6009990.0,3.7
2019,1000,AL,Alabama,2272935.0,2200437.0,72498.0,3.2
2019,2000,AK,Alaska,353161.0,333360.0,19801.0,5.600000000000001
2019,4000,AZ,Arizona,3430766.0,3265708.0,165058.0,4.800000000000001
2019,5000,AR,Arkansas,1354936.0,1307510.0,47426.0,3.5
2019,6000,CA,California,19413244.0,18617933.0,795311.0,4.100000000000001
2019,8000,CO,Colorado,3105584.0,3022829.0,82755.0,2.7
2019,9000,CT,Connecticut,1938637.0,1868767.0,69870.0,3.6
2019,10000,DE,Delaware,484657.0,467162.0,17495.0,3.6
2019,12000,FL,Florida,10284663.0,9950515.0,334148.0,3.2
2019,13000,GA,Georgia,5160512.0,4975975.0,184537.0,3.6
2019,15000,HI,Hawaii,686123.0,668774.0,17349.0,2.5
2019,16000,ID,Idaho,888504.0,862981.0,25523.0,2.9
2019,17000,IL,Illinois,6550295.0,6289513.0,260782.0,4.0
2019,18000,IN,Indiana,3404321.0,3291950.0,112371.0,3.3
2019,19000,IA,Iowa,1743153.0,1696691.0,46462.0,2.7
2019,20000,KS,Kansas,1504552.0,1455263.0,49289.0,3.3
2019,21000,KY,Kentucky,2068975.0,1983872.0,85103.0,4.100000000000001
2019,22000,LA,Louisiana,2105926.0,2008163.0,97763.0,4.600000000000001
2019,23000,ME,Maine,697795.0,677460.0,20335.0,2.9
2019,24000,MD,Maryland,3334365.0,3221317.0,113048.0,3.4
2019,25000,MA,Massachusetts,3841324.0,3725143.0,116181.0,3.0
2019,26000,MI,Michigan,4976013.0,4773453.0,202560.0,4.100000000000001
2019,27000,MN,Minnesota,3108682.0,3007374.0,101308.0,3.3
2019,28000,MS,Mississippi,1278598.0,1208096.0,70502.0,5.5
2019,29000,MO,Missouri,3074821.0,2975703.0,99118.0,3.2
2019,30000,MT,Montana,543741.0,524686.0,19055.0,3.5
2019,31000,NE,Nebraska,1051554.0,1018707.0,32847.0,3.1
2019,32000,NV,Nevada,1546313.0,1482647.0,63666.0,4.100000000000001
2019,33000,NH,New Hampshire,780540.0,760516.0,20024.0,2.6
2019,34000,NJ,New Jersey,4686262.0,4524292.0,161970.0,3.5
2019,35000,NM,New Mexico,956094.0,908703.0,47391.0,5.0
2019,36000,NY,New York,9853962.0,9474510.0,379452.0,3.9
2019,37000,NC,North Carolina,4993476.0,4801094.0,192382.0,3.9
2019,38000,ND,North Dakota,413845.0,404793.0,9052.0,2.2
2019,39000,OH,Ohio,5877451.0,5632572.0,244879.0,4.2
2019,40000,OK,Oklahoma,1840223.0,1782411.0,57812.0,3.1
2019,41000,OR,Oregon,2094783.0,2017199.0,77584.0,3.7
2019,42000,PA,Pennsylvania,6573616.0,6287804.0,285812.0,4.3
2019,44000,RI,Rhode Island,574346.0,554076.0,20270.0,3.5
2019,45000,SC,South Carolina,2324500.0,2259807.0,64693.0,2.8
2019,46000,SD,South Dakota,464329.0,451353.0,12976.0,2.8
2019,47000,TN,Tennessee,3335270.0,3223664.0,111606.0,3.3
2019,48000,TX,Texas,13921781.0,13429073.0,492708.0,3.5
2019,49000,UT,Utah,1618697.0,1577591.0,41106.0,2.5
2019,50000,VT,Vermont,353506.0,346016.0,7490.0,2.1
2019,51000,VA,Virginia,4414972.0,4292501.0,122471.0,2.8
2019,53000,WA,Washington,3933880.0,3766964.0,166916.0,4.2
2019,54000,WV,West Virginia,795299.0,755909.0,39390.0,5.0
2019,55000,WI,Wisconsin,3111729.0,3012828.0,98901.0,3.2
2019,56000,WY,Wyoming,293320.0,282433.0,10887.0,3.7
2020,0,US,United States,161483724.0,148453335.0,13030389.0,8.1
2020,1000,AL,Alabama,2269672.0,2124409.0,145263.0,6.4
2020,2000,AK,Alaska,347150.0,318298.0,28852.0,8.3
2020,4000,AZ,Arizona,3471038.0,3199851.0,271187.0,7.800000000000001
2020,5000,AR,Arkansas,1346789.0,1263623.0,83166.0,6.2
2020,6000,CA,California,18971560.0,17047569.0,1923991.0,10.1
2020,8000,CO,Colorado,3088995.0,2880227.0,208768.0,6.800000000000001
2020,9000,CT,Connecticut,1884099.0,1734478.0,149621.0,7.9
2020,10000,DE,Delaware,486497.0,449965.0,36532.0,7.5
2020,12000,FL,Florida,10113733.0,9292632.0,821101.0,8.1
2020,13000,GA,Georgia,5095696.0,4766734.0,328962.0,6.5
2020,15000,HI,Hawaii,664085.0,586179.0,77906.0,11.7
2020,16000,ID,Idaho,901894.0,852423.0,49471.0,5.5
2020,17000,IL,Illinois,6349816.0,5759004.0,590812.0,9.3
2020,18000,IN,Indiana,3346344.0,3102706.0,243638.0,7.300000000000001
2020,19000,IA,Iowa,1673589.0,1587341.0,86248.0,5.2
2020,20000,KS,Kansas,1503002.0,1415445.0,87557.0,5.800000000000001
2020,21000,KY,Kentucky,2017001.0,1886072.0,130929.0,6.5
2020,22000,LA,Louisiana,2064942.0,1887347.0,177595.0,8.6
2020,23000,ME,Maine,670595.0,636655.0,33940.0,5.100000000000001
2020,24000,MD,Maryland,3241086.0,3031031.0,210055.0,6.5
2020,25000,MA,Massachusetts,3750155.0,3399381.0,350774.0,9.4
2020,26000,MI,Michigan,4863008.0,4379122.0,483886.0,10.0
2020,27000,MN,Minnesota,3134161.0,2938015.0,196146.0,6.300000000000001
2020,28000,MS,Mississippi,1247029.0,1147391.0,99638.0,8.0
2020,29000,MO,Missouri,3037880.0,2851947.0,185933.0,6.100000000000001
2020,30000,MT,Montana,545334.0,513545.0,31789.0,5.800000000000001
2020,31000,NE,Nebraska,1048389.0,1003443.0,44946.0,4.3
2020,32000,NV,Nevada,1506631.0,1302990.0,203641.0,13.5
2020,33000,NH,New Hampshire,764137.0,713144.0,50993.0,6.7
2020,34000,NJ,New Jersey,4650326.0,4212389.0,437937.0,9.4
2020,35000,NM,New Mexico,931921.0,858350.0,73571.0,7.9
2020,36000,NY,New York,9580847.0,8645489.0,935358.0,9.8
2020,37000,NC,North Carolina,4839372.0,4491749.0,347623.0,7.2
2020,38000,ND,North Dakota,409799.0,389415.0,20384.0,5.0
2020,39000,OH,Ohio,5754698.0,5280930.0,473768.0,8.200000000000001
2020,40000,OK,Oklahoma,1841349.0,1725318.0,116031.0,6.300000000000001
2020,41000,OR,Oregon,2107362.0,1947567.0,159795.0,7.600000000000001
2020,42000,PA,Pennsylvania,6514565.0,5933182.0,581383.0,8.9
2020,44000,RI,Rhode Island,570185.0,517949.0,52236.0,9.200000000000001
2020,45000,SC,South Carolina,2335026.0,2195171.0,139855.0,6.0
2020,46000,SD,South Dakota,464505.0,444899.0,19606.0,4.2
2020,47000,TN,Tennessee,3303230.0,3056709.0,246521.0,7.5
2020,48000,TX,Texas,13955332.0,12883803.0,1071529.0,7.7
2020,49000,UT,Utah,1647376.0,1567777.0,79599.0,4.800000000000001
2020,50000,VT,Vermont,339810.0,320542.0,19268.0,5.7
2020,51000,VA,Virginia,4342950.0,4062417.0,280533.0,6.5
2020,53000,WA,Washington,3936084.0,3603370.0,332714.0,8.5
2020,54000,WV,West Virginia,779913.0,715637.0,64276.0,8.200000000000001
2020,55000,WI,Wisconsin,3094716.0,2897422.0,197294.0,6.4
2020,56000,WY,Wyoming,293755.0,276495.0,17260.0,5.9
2021,0,US,United States,162229903.0,153544980.0,8684923.0,5.4
2021,1000,AL,Alabama,2259349.0,2183330.0,76019.0,3.4
2021,2000,AK,Alaska,353158.0,330525.0,22633.0,6.4
2021,4000,AZ,Arizona,3530579.0,3352198.0,178381.0,5.100000000000001
2021,5000,AR,Arkansas,1339665.0,1285329.0,54336.0,4.100000000000001
2021,6000,CA,California,18973377.0,17586314.0,1387063.0,7.300000000000001
2021,8000,CO,Colorado,3158144.0,2986238.0,171906.0,5.4
2021,9000,CT,Connecticut,1855339.0,1739033.0,116306.0,6.300000000000001
2021,10000,DE,Delaware,493931.0,466770.0,27161.0,5.5
2021,12000,FL,Florida,10353311.0,9872517.0,480794.0,4.600000000000001
2021,13000,GA,Georgia,5179121.0,4977562.0,201559.0,3.9
2021,15000,HI,Hawaii,669987.0,629626.0,40361.0,6.0
2021,16000,ID,Idaho,925409.0,893169.0,32240.0,3.5
2021,17000,IL,Illinois,6366428.0,5980444.0,385984.0,6.100000000000001
2021,18000,IN,Indiana,3355642.0,3225060.0,130582.0,3.9
2021,19000,IA,Iowa,1690368.0,1626168.0,64200.0,3.8
2021,20000,KS,Kansas,1500677.0,1451204.0,49473.0,3.3
2021,21000,KY,Kentucky,2027165.0,1937537.0,89628.0,4.4
2021,22000,LA,Louisiana,2073572.0,1958087.0,115485.0,5.600000000000001
2021,23000,ME,Maine,685168.0,653341.0,31827.0,4.600000000000001
2021,24000,MD,Maryland,3173289.0,3005067.0,168222.0,5.300000000000001
2021,25000,MA,Massachusetts,3742987.0,3535696.0,207291.0,5.5
2021,26000,MI,Michigan,4779555.0,4501562.0,277993.0,5.800000000000001
2021,27000,MN,Minnesota,3039323.0,2924148.0,115175.0,3.8
2021,28000,MS,Mississippi,1255710.0,1187096.0,68614.0,5.5
2021,29000,MO,Missouri,3050028.0,2925218.0,124810.0,4.100000000000001
2021,30000,MT,Montana,550555.0,531926.0,18629.0,3.4
2021,31000,NE,Nebraska,1049584.0,1021330.0,28254.0,2.7
2021,32000,NV,Nevada,1499499.0,1395651.0,103848.0,6.9
2021,33000,NH,New Hampshire,756858.0,731117.0,25741.0,3.4
2021,34000,NJ,New Jersey,4666108.0,4357217.0,308891.0,6.600000000000001
2021,35000,NM,New Mexico,943382.0,876730.0,66652.0,7.100000000000001
2021,36000,NY,New York,9557912.0,8886155.0,671757.0,7.0
2021,37000,NC,North Carolina,4954783.0,4712866.0,241917.0,4.9
2021,38000,ND,North Dakota,408900.0,396364.0,12536.0,3.1
2021,39000,OH,Ohio,5728769.0,5434815.0,293954.0,5.100000000000001
2021,40000,OK,Oklahoma,1860337.0,1785703.0,74634.0,4.0
2021,41000,OR,Oregon,2147611.0,2035428.0,112183.0,5.2
2021,42000,PA,Pennsylvania,6445362.0,6058976.0,386386.0,6.0
2021,44000,RI,Rhode Island,571698.0,540182.0,31516.0,5.5
2021,45000,SC,South Carolina,2353968.0,2261060.0,92908.0,3.9
2021,46000,SD,South Dakota,469583.0,457174.0,12409.0,2.6
2021,47000,TN,Tennessee,3323545.0,3174135.0,149410.0,4.5
2021,48000,TX,Texas,14311029.0,13503671.0,807358.0,5.600000000000001
2021,49000,UT,Utah,1687539.0,1641338.0,46201.0,2.7
2021,50000,VT,Vermont,335823.0,323354.0,12469.0,3.7
2021,51000,VA,Virginia,4331297.0,4162555.0,168742.0,3.9
2021,53000,WA,Washington,3898707.0,3695705.0,203002.0,5.2
2021,54000,WV,West Virginia,778747.0,739003.0,39744.0,5.100000000000001
2021,55000,WI,Wisconsin,3099768.0,2981070.0,118698.0,3.8
2021,56000,WY,Wyoming,289154.0,275748.0,13406.0,4.600000000000001
2022,0,US,United States,164781642.0,158766998.0,6014644.0,3.7
2022,1000,AL,Alabama,2286028.0,2226670.0,59358.0,2.6
2022,2000,AK,Alaska,356799.0,342400.0,14399.0,4.0
2022,4000,AZ,Arizona,3615161.0,3477033.0,138128.0,3.8
2022,5000,AR,Arkansas,1369367.0,1323949.0,45418.0,3.3
2022,6000,CA,California,19251974.0,18440895.0,811079.0,4.2
2022,8000,CO,Colorado,3200625.0,3103531.0,97094.0,3.0
2022,9000,CT,Connecticut,1932463.0,1851993.0,80470.0,4.2
2022,10000,DE,Delaware,496688.0,474258.0,22430.0,4.5
2022,12000,FL,Florida,10762307.0,10449041.0,313266.0,2.9
2022,13000,GA,Georgia,5234275.0,5075093.0,159182.0,3.0
2022,15000,HI,Hawaii,676299.0,652677.0,23622.0,3.5
2022,16000,ID,Idaho,950672.0,925358.0,25314.0,2.7
2022,17000,IL,Illinois,6472663.0,6176876.0,295787.0,4.600000000000001
2022,18000,IN,Indiana,3404443.0,3302632.0,101811.0,3.0
2022,19000,IA,Iowa,1716894.0,1669933.0,46961.0,2.7
2022,20000,KS,Kansas,1504932.0,1464834.0,40098.0,2.7
2022,21000,KY,Kentucky,2048066.0,1968121.0,79945.0,3.9
2022,22000,LA,Louisiana,2088217.0,2011867.0,76350.0,3.7
2022,23000,ME,Maine,674875.0,654965.0,19910.0,3.0
2022,24000,MD,Maryland,3171513.0,3068700.0,102813.0,3.2
2022,25000,MA,Massachusetts,3743924.0,3603172.0,140752.0,3.8
2022,26000,MI,Michigan,4835966.0,4632539.0,203427.0,4.2
2022,27000,MN,Minnesota,3077500.0,2994920.0,82580.0,2.7
2022,28000,MS,Mississippi,1251022.0,1201880.0,49142.0,3.9
2022,29000,MO,Missouri,3061279.0,2984340.0,76939.0,2.5
2022,30000,MT,Montana,567787.0,552842.0,14945.0,2.6
2022,31000,NE,Nebraska,1058927.0,1034091.0,24836.0,2.3
2022,32000,NV,Nevada,1549859.0,1466213.0,83646.0,5.4
2022,33000,NH,New Hampshire,766672.0,747339.0,19333.0,2.5
2022,34000,NJ,New Jersey,4739804.0,4564113.0,175691.0,3.7
2022,35000,NM,New Mexico,947025.0,908870.0,38155.0,4.0
2022,36000,NY,New York,9616989.0,9205821.0,411168.0,4.3
2022,37000,NC,North Carolina,5159329.0,4970998.0,188331.0,3.7
2022,38000,ND,North Dakota,414311.0,405580.0,8731.0,2.1
2022,39000,OH,Ohio,5741277.0,5510327.0,230950.0,4.0
2022,40000,OK,Oklahoma,1887040.0,1830061.0,56979.0,3.0
2022,41000,OR,Oregon,2176734.0,2085939.0,90795.0,4.2
2022,42000,PA,Pennsylvania,6479077.0,6196385.0,282692.0,4.4
2022,44000,RI,Rhode Island,569455.0,551220.0,18235.0,3.2
2022,45000,SC,South Carolina,2374975.0,2297927.0,77048.0,3.2
2022,46000,SD,South Dakota,475065.0,465250.0,9815.0,2.1
2022,47000,TN,Tennessee,3352030.0,3238559.0,113471.0,3.4
2022,48000,TX,Texas,14662558.0,14092833.0,569725.0,3.9
2022,49000,UT,Utah,1743054.0,1702674.0,40380.0,2.3
2022,50000,VT,Vermont,342119.0,333081.0,9038.0,2.6
2022,51000,VA,Virginia,4435858.0,4308805.0,127053.0,2.9
2022,53000,WA,Washington,3990343.0,3822319.0,168024.0,4.2
2022,54000,WV,West Virginia,785115.0,754453.0,30662.0,3.9
2022,55000,WI,Wisconsin,3082128.0,2992049.0,90079.0,2.9
2022,56000,WY,Wyoming,291756.0,281343.0,10413.0,3.6
