State,Code,Year,Total Crimes,Total Property Crime Count,Burglary,Larceny,Motor,Total Violent Crime Count,Assault,Murder,Rape,Robbery
Alabama,AL,2000,202159,180539,40331,127399,12809,21620,14107,329,1482,5702
Alabama,AL,2001,192835,173253,40642,119992,12619,19582,12250,379,1369,5584
Alabama,AL,2002,200331,180400,42578,123932,13890,19931,12002,303,1664,5962
Alabama,AL,2003,201572,182241,43245,124039,14957,19331,11338,299,1656,6038
Alabama,AL,2004,201664,182340,44666,123650,14024,19324,11286,254,1742,6042
Alabama,AL,2005,197071,177393,43473,120780,13140,19678,11293,374,1564,6447
Alabama,AL,2006,200802,181249,44780,121451,15018,19553,10463,382,1646,7062
Alabama,AL,2007,204857,184082,45379,124465,14238,20775,11417,412,1548,7398
Alabama,AL,2008,211526,190416,50411,126539,13466,21110,11795,351,1618,7346
Alabama,AL,2009,199201,178007,48844,118072,11091,21194,13103,322,1504,6265
Alabama,AL,2010,187191,168828,42484,115564,10780,18363,11869,275,1355,4864
Alabama,AL,2011,193358,173192,51119,111411,10662,20166,13591,299,1370,4906
Alabama,AL,2012,190571,168878,47481,111523,9874,21693,15035,342,1296,5020
Alabama,AL,2013,182819,161993,42429,108993,10571,20826,13787,347,2044,4648
Alabama,AL,2014,174821,154094,39715,104238,10141,20727,13745,276,2005,4701
Alabama,AL,2015,167698,144746,35255,99156,10335,22952,15954,348,2039,4611
Alabama,AL,2016,169248,143362,34065,97574,11723,25886,18877,407,1916,4686
Alabama,AL,2017,169711,144160,31477,99842,12841,25551,18902,404,2028,4217
Alabama,AL,2018,163099,137700,28841,95747,13112,25399,18944,383,1996,4076
Alabama,AL,2019,156179,131133,26079,92477,12577,25046,18679,358,2068,3941
Alaska,AK,2000,26641,23087,3899,16838,2350,3554,2540,27,497,490
Alaska,AK,2001,26895,23160,3847,16695,2618,3735,2681,39,501,514
Alaska,AK,2002,27745,24118,3908,17739,2471,3627,2594,33,511,489
Alaska,AK,2003,28263,24386,3874,18051,2461,3877,2787,39,605,446
Alaska,AK,2004,26331,22172,3773,16159,2240,4159,3117,37,558,447
Alaska,AK,2005,28169,23975,4131,17249,2595,4194,3087,32,538,537
Alaska,AK,2006,28585,23975,4155,17284,2536,4610,3462,36,512,600
Alaska,AK,2007,27616,23096,3734,16929,2433,4520,3351,43,545,581
Alaska,AK,2008,24565,20090,3237,15225,1628,4475,3356,27,447,645
Alaska,AK,2009,24962,20538,3600,15251,1687,4424,3235,22,513,654
Alaska,AK,2010,24796,20259,3105,15535,1619,4537,3379,31,533,594
Alaska,AK,2011,23510,19094,2852,14854,1388,4416,3374,30,436,576
Alaska,AK,2012,24449,20037,2950,15565,1522,4412,3169,30,583,630
Alaska,AK,2013,25918,21210,2916,16599,1695,4708,3128,34,922,624
Alaska,AK,2014,25018,20334,3150,15445,1739,4684,3243,41,771,629
Alaska,AK,2015,26198,20806,3511,15249,2046,5392,3671,59,901,761
Alaska,AK,2016,30842,24876,4053,17766,3057,5966,4011,52,1053,850
Alaska,AK,2017,32337,26204,4171,17775,4258,6133,4257,62,863,951
Alaska,AK,2018,30865,24339,3979,16364,3996,6526,4391,47,1192,896
Alaska,AK,2019,27637,21294,3563,15114,2617,6343,4360,69,1088,826
Arizona,AZ,2000,299092,271811,51902,176705,43204,27281,17841,359,1577,7504
Arizona,AZ,2001,322549,293874,54821,186850,52203,28675,17889,400,1518,8868
Arizona,AZ,2002,348467,318296,59087,201541,57668,30171,20176,387,1608,8000
Arizona,AZ,2003,342973,314335,58613,198725,56997,28638,18722,441,1856,7619
Arizona,AZ,2004,320155,291203,56885,179012,55306,28952,18921,414,1896,7721
Arizona,AZ,2005,317823,287345,56328,176112,54905,30478,19448,445,2006,8579
Arizona,AZ,2006,327845,294389,59418,178321,56650,33456,20983,533,2449,9491
Arizona,AZ,2007,320143,287308,59988,177076,50244,32835,20170,548,2353,9764
Arizona,AZ,2008,298220,266653,58606,169460,38587,31567,19096,462,2200,9809
Arizona,AZ,2009,264849,236721,54308,155976,26437,28128,17270,380,2279,8199
Arizona,AZ,2010,253330,226802,50932,154137,21733,26528,16976,408,2191,6953
Arizona,AZ,2011,256685,229896,54695,155400,19801,26789,16748,397,2499,7145
Arizona,AZ,2012,260038,231930,52934,159838,19158,28108,18087,358,2277,7386
Arizona,AZ,2013,252842,225243,48533,159272,17438,27599,17490,357,3050,6702
Arizona,AZ,2014,242156,215240,43562,154091,17587,26916,16970,319,3378,6249
Arizona,AZ,2015,235119,207107,37957,152365,16785,28012,18235,309,3108,6360
Arizona,AZ,2016,239015,206432,37736,150275,18421,32583,21858,380,3290,7055
Arizona,AZ,2017,240159,204515,37627,147830,19058,35644,24207,416,3581,7440
Arizona,AZ,2018,226032,191974,31532,141303,19139,34058,23528,369,3638,6523
Arizona,AZ,2019,210779,177638,28699,130788,18151,33141,22704,365,3662,6410
Arkansas,AR,2000,110019,98115,21443,69740,6932,11904,8887,168,848,2001
Arkansas,AR,2001,111296,99106,22196,69590,7320,12190,8969,148,892,2181
Arkansas,AR,2002,112672,101171,23229,71129,6813,11501,8081,142,754,2524
Arkansas,AR,2003,111533,99084,25016,68061,6007,12449,9131,180,911,2227
Arkansas,AR,2004,124725,110911,30151,74242,6518,13814,10083,176,1183,2372
Arkansas,AR,2005,127584,112914,30118,75510,7286,14670,10747,189,1202,2532
Arkansas,AR,2006,127563,112025,31864,72646,7515,15538,11259,205,1325,2749
Arkansas,AR,2007,127356,112130,32035,73096,6999,15226,10629,198,1294,3105
Arkansas,AR,2008,125009,110360,33912,69905,6543,14649,10244,165,1463,2777
Arkansas,AR,2009,123983,109078,34753,68228,6097,14905,10772,179,1378,2576
Arkansas,AR,2010,118531,103820,32463,65796,5561,14711,10887,134,1321,2369
Arkansas,AR,2011,124603,110430,34016,70645,5769,14173,10426,160,1230,2357
Arkansas,AR,2012,121776,107941,31890,70327,5724,13835,10095,173,1247,2320
Arkansas,AR,2013,120234,106613,30485,70450,5678,13621,9781,159,1423,2258
Arkansas,AR,2014,113261,99018,24790,68627,5601,14243,10265,165,1763,2050
Arkansas,AR,2015,112362,96836,22640,68424,5772,15526,11316,181,1931,2098
Arkansas,AR,2016,114134,97673,23771,66747,7155,16461,11982,216,2143,2120
Arkansas,AR,2017,109160,92489,21862,63374,7253,16671,12425,258,2053,1935
Arkansas,AR,2018,104177,87793,19193,61487,7113,16384,12378,216,2196,1594
Arkansas,AR,2019,103893,86250,18095,60735,7420,17643,13513,242,2331,1557
California,CA,2000,1266714,1056183,222293,651855,182035,210531,138418,2079,9785,60249
California,CA,2001,1347056,1134189,232273,697739,204177,212867,136087,2206,9960,64614
California,CA,2002,1384872,1176484,238428,715692,222364,208388,130827,2395,10198,64968
California,CA,2003,1420637,1215086,242274,731486,241326,205551,129380,2407,9994,63770
California,CA,2004,1416369,1227194,245903,728687,252604,189175,115400,2392,9615,61768
California,CA,2005,1390709,1200531,250521,692467,257543,190178,114661,2503,9392,63622
California,CA,2006,1354471,1159988,247230,669103,243655,194483,111620,2486,9235,71142
California,CA,2007,1304071,1112510,237850,654526,220134,191561,109547,2262,9046,70706
California,CA,2008,1266325,1080996,237811,650656,192529,185329,104896,2142,8903,69388
California,CA,2009,1184367,1009433,230198,615402,163833,174934,100156,1972,8713,64093
California,CA,2010,1146072,981939,228857,600558,152524,164133,95877,1809,8331,58116
California,CA,2011,1128765,973822,230075,596905,146842,154943,91195,1792,7665,54291
California,CA,2012,1210409,1049465,245767,635090,168608,160944,94702,1884,7837,56521
California,CA,2013,1173036,1018907,232058,621557,165292,154129,89029,1746,9714,53640
California,CA,2014,1100901,947192,202670,592670,151852,153709,91803,1699,11527,48680
California,CA,2015,1191797,1024914,197404,656517,170993,166883,99349,1861,12811,52862
California,CA,2016,1176866,1002070,188304,637010,176756,174796,104375,1930,13702,54789
California,CA,2017,1164741,987114,176690,642033,168391,177627,104454,1830,14721,56622
California,CA,2018,1118600,941618,164632,621775,155211,176982,105412,1739,15505,54326
California,CA,2019,1095445,921114,152555,626802,141757,174331,105541,1690,14799,52301
Colorado,CO,2000,171304,156937,27133,112843,16961,14367,9425,134,1774,3034
Colorado,CO,2001,186379,170887,28533,121360,20994,15492,9849,158,1930,3555
Colorado,CO,2002,195936,180054,31678,125193,23183,15882,10058,179,2066,3579
Colorado,CO,2003,195463,179706,32394,124496,22816,15757,9921,185,1913,3738
Colorado,CO,2004,197443,180322,33010,123308,24004,17121,11236,201,1945,3739
Colorado,CO,2005,206947,188449,34746,127602,26101,18498,12351,173,2026,3948
Colorado,CO,2006,182233,163439,32411,110372,20656,18794,12641,171,2158,3824
Colorado,CO,2007,162909,145808,28633,100519,16656,17101,11410,155,2075,3461
Colorado,CO,2008,156820,139340,28054,97937,13349,17480,11760,165,2151,3404
Colorado,CO,2009,151218,134196,26637,95079,12480,17022,11223,159,2269,3371
Colorado,CO,2010,151340,135001,26196,97534,11271,16339,10816,129,2230,3164
Colorado,CO,2011,148866,132781,25725,96054,11002,16085,10346,155,2285,3299
Colorado,CO,2012,155293,139270,26157,101021,12092,16023,10353,162,2113,3395
Colorado,CO,2013,156283,140057,25081,102443,12533,16226,9963,178,2934,3151
Colorado,CO,2014,152064,135510,23472,99464,12574,16554,10325,151,3039,3039
Colorado,CO,2015,161651,144136,23454,104682,16000,17515,10759,176,3257,3323
Colorado,CO,2016,170833,151850,23903,108336,19611,18983,11696,204,3555,3528
Colorado,CO,2017,172121,151483,22813,106809,21861,20638,12721,221,3858,3838
Colorado,CO,2018,174787,152163,21371,109119,21673,22624,14547,210,4070,3797
Colorado,CO,2019,171127,149189,20064,107012,22113,21938,14185,218,3872,3663
Connecticut,CT,2000,110091,99033,17436,68498,13099,11058,6450,98,678,3832
Connecticut,CT,2001,106791,95299,17159,65762,12378,11492,6565,105,639,4183
Connecticut,CT,2002,104233,93426,17111,64735,11580,10807,5914,84,740,4069
Connecticut,CT,2003,104026,92981,16043,65568,11370,11045,6023,112,698,4212
Connecticut,CT,2004,104055,93942,15959,66770,11213,10113,5070,100,755,4188
Connecticut,CT,2005,99812,90270,15245,64416,10609,9542,4792,105,712,3933
Connecticut,CT,2006,101143,90638,15583,64765,10290,10505,5212,137,696,4460
Connecticut,CT,2007,97075,86528,15640,60937,9951,10547,5441,113,690,4303
Connecticut,CT,2008,97947,87210,15107,63212,8891,10737,5882,132,680,4043
Connecticut,CT,2009,93213,82625,15172,59992,7461,10588,5824,106,657,4001
Connecticut,CT,2010,88342,78259,15145,56413,6701,10083,5802,133,595,3553
Connecticut,CT,2011,87094,77205,15468,55067,6670,9889,5382,129,689,3689
Connecticut,CT,2012,86994,76834,14711,55674,6449,10160,5408,146,919,3687
Connecticut,CT,2013,80430,70990,12892,51876,6222,9440,4869,86,955,3530
Connecticut,CT,2014,77592,69070,11955,51005,6110,8522,4495,86,782,3159
Connecticut,CT,2015,72911,65066,10053,48675,6338,7845,4063,117,773,2892
Connecticut,CT,2016,72787,64664,10045,47512,7107,8123,4579,78,763,2703
Connecticut,CT,2017,71689,63509,8890,47310,7309,8180,4428,102,837,2813
Connecticut,CT,2018,67466,60055,7948,44724,7383,7411,4294,83,840,2194
Connecticut,CT,2019,57408,50862,6441,38457,5964,6546,3742,104,771,1929
Delaware,DE,2000,35090,29727,5216,21360,3151,5363,3520,25,424,1394
Delaware,DE,2001,32267,27399,5144,19476,2779,4868,3269,23,420,1156
Delaware,DE,2002,31803,26967,5355,18555,3057,4836,3298,26,358,1154
Delaware,DE,2003,33468,27943,6066,18933,2944,5525,3693,21,370,1441
Delaware,DE,2004,32361,27256,5669,19285,2302,5105,3377,28,357,1343
Delaware,DE,2005,31577,26245,5811,18085,2349,5332,3612,37,377,1306
Delaware,DE,2006,35653,29670,6337,20449,2884,5983,3733,42,417,1791
Delaware,DE,2007,35316,29216,6420,20454,2342,6100,3957,39,341,1763
Delaware,DE,2008,37572,31385,6783,22045,2557,6187,3912,57,371,1847
Delaware,DE,2009,35398,29685,6943,20836,1906,5713,3597,41,395,1680
Delaware,DE,2010,36686,31078,7550,21593,1935,5608,3392,51,326,1839
Delaware,DE,2011,36307,31163,7617,22001,1545,5144,3231,48,307,1558
Delaware,DE,2012,35659,30639,7371,21832,1436,5020,3228,57,243,1492
Delaware,DE,2013,32928,28379,6131,20916,1332,4549,2904,39,380,1226
Delaware,DE,2014,32476,27900,5768,20865,1267,4576,2867,54,386,1269
Delaware,DE,2015,30175,25455,4773,19501,1181,4720,3081,63,341,1235
Delaware,DE,2016,31178,26334,5023,19791,1520,4844,3121,56,308,1359
Delaware,DE,2017,27838,23477,3970,18138,1369,4361,2891,54,334,1082
Delaware,DE,2018,26578,22481,3158,17847,1476,4097,2845,48,338,866
Delaware,DE,2019,26046,21931,2968,17359,1604,4115,2967,48,310,790
District of Columbia,None,2000,41626,33000,4745,21655,6600,8626,4582,239,251,3554
District of Columbia,None,2001,44427,35232,4949,22313,7970,9195,5003,231,181,3780
District of Columbia,None,2002,45799,36477,5170,21708,9599,9322,4962,264,262,3834
District of Columbia,None,2003,41757,32696,4671,18119,9906,9061,4597,249,274,3941
District of Columbia,None,2004,34486,26896,3946,14542,8408,7590,3968,198,222,3202
District of Columbia,None,2005,34165,26133,3577,14836,7720,8032,3971,195,166,3700
District of Columbia,None,2006,35836,27064,3835,15908,7321,8772,4589,169,185,3829
District of Columbia,None,2007,37247,28922,3926,17390,7606,8325,3687,181,192,4265
District of Columbia,None,2008,38720,30211,3788,19958,6465,8509,3707,186,186,4430
District of Columbia,None,2009,36584,28495,3696,19267,5532,8089,3390,145,150,4404
District of Columbia,None,2010,36828,28802,4233,19514,5055,8026,3382,132,187,4325
District of Columbia,None,2011,37087,29654,3850,21347,4457,7433,3058,108,173,4094
District of Columbia,None,2012,38600,30736,3519,23556,3661,7864,3504,88,236,4036
District of Columbia,None,2013,39489,31083,3316,24533,3234,8406,3830,103,395,4078
District of Columbia,None,2014,42346,34147,3466,26898,3783,8199,4125,105,472,3497
District of Columbia,None,2015,39966,31435,2971,25200,3264,8531,4133,162,494,3742
District of Columbia,None,2016,40930,32716,2361,27382,2973,8214,4063,139,532,3480
District of Columbia,None,2017,36703,29729,1809,25333,2587,6974,3791,116,444,2623
District of Columbia,None,2018,37720,30724,1788,26343,2593,6996,3971,160,450,2415
District of Columbia,None,2019,38224,30821,1843,26645,2333,7403,4179,166,345,2713
Florida,FL,2000,910154,780377,172898,518298,89181,129777,90008,903,7057,31809
Florida,FL,2001,913230,782517,176052,516548,89917,130713,90331,874,6641,32867
Florida,FL,2002,905957,777236,177242,511478,88516,128721,88476,911,6753,32581
Florida,FL,2003,881976,757696,170644,505489,81563,124280,85106,924,6727,31523
Florida,FL,2004,850895,727141,166332,482484,78325,123754,86199,946,6612,29997
Florida,FL,2005,838955,712998,164783,472912,75303,125957,88341,883,6592,30141
Florida,FL,2006,850703,721101,170873,473774,76454,129602,87851,1129,6475,34147
Florida,FL,2007,878127,746249,181836,490783,73630,131878,86372,1202,6149,38155
Florida,FL,2008,885145,758889,188472,506902,63515,126256,82848,1168,5972,36268
Florida,FL,2009,825551,712010,181884,479867,50259,113541,76112,1017,5501,30911
Florida,FL,2010,771004,669035,169119,458454,41462,101969,69523,987,5373,26086
Florida,FL,2011,769398,671200,170171,461408,39621,98198,66319,984,5273,25622
Florida,FL,2012,727075,632988,153563,442095,37330,94087,63929,1009,5260,23889
Florida,FL,2013,699158,607172,138916,433344,34912,91986,61054,972,6760,23200
Florida,FL,2014,786967,679446,143220,493647,42579,107521,72895,1149,8563,24914
Florida,FL,2015,663896,570270,109268,420341,40661,93626,63895,1041,7553,21137
Florida,FL,2016,642512,553812,100325,410352,43135,88700,59816,1111,7598,20175
Florida,FL,2017,612845,527220,88853,395453,42914,85625,58031,1057,7940,18597
Florida,FL,2018,567997,486017,71933,372919,41165,81980,55551,1107,8438,16884
Florida,FL,2019,542116,460846,63396,358402,39048,81270,55475,1122,8456,16217
Georgia,GA,2000,388949,347630,68488,240440,38702,41319,25450,651,1968,13250
Georgia,GA,2001,389543,347872,71799,238484,37589,41671,24491,598,2180,14402
Georgia,GA,2002,385830,346559,73932,234591,38036,39271,23125,606,2108,13432
Georgia,GA,2003,409024,369589,79001,247196,43392,39435,22501,657,2234,14043
Georgia,GA,2004,416873,376656,82992,249426,44238,40217,23561,613,2387,13656
Georgia,GA,2005,419259,378534,84463,249594,44477,40725,23977,564,2143,14041
Georgia,GA,2006,407466,362712,85140,234445,43127,44754,26469,605,2169,15511
Georgia,GA,2007,418165,371248,90294,238436,42518,46917,26708,720,2198,17291
Georgia,GA,2008,435270,387917,100564,247709,39644,47353,26571,640,2334,17808
Georgia,GA,2009,403058,360985,98606,229216,33163,42073,24553,566,2323,14631
Georgia,GA,2010,392517,353449,96947,226161,30341,39068,24034,555,2107,12372
Georgia,GA,2011,393997,357235,96014,231543,29678,36762,21881,549,2066,12266
Georgia,GA,2012,375920,338329,86789,223004,28536,37591,22423,581,2124,12463
Georgia,GA,2013,370940,334399,82258,225315,26826,36541,20915,556,2582,12488
Georgia,GA,2014,369413,331316,76428,228034,26854,38097,22052,580,3048,12417
Georgia,GA,2015,347366,308723,66374,215867,26482,38643,22557,615,3224,12247
Georgia,GA,2016,350760,309770,63344,219625,26801,40990,24595,681,3509,12205
Georgia,GA,2017,335556,298298,55374,216661,26263,37258,23793,703,2718,10044
Georgia,GA,2018,305093,270738,45369,200609,24760,34355,22783,642,2651,8279
Georgia,GA,2019,288419,252249,39506,188967,23776,36170,24633,654,2922,7961
Hawaii,HI,2000,62987,60033,10665,43254,6114,2954,1450,35,346,1123
Hawaii,HI,2001,65947,62830,11162,44925,6743,3117,1534,32,409,1142
Hawaii,HI,2002,75238,71976,12722,49344,9910,3262,1656,24,372,1210
Hawaii,HI,2003,69267,65867,11409,44807,9651,3400,1843,22,367,1168
Hawaii,HI,2004,63738,60525,10827,41078,8620,3213,1903,33,333,944
Hawaii,HI,2005,64368,61115,9792,42188,9135,3253,1885,24,343,1001
Hawaii,HI,2006,57855,54247,8724,37784,7739,3608,2090,21,353,1144
Hawaii,HI,2007,56410,52866,9089,37494,6283,3544,2021,24,377,1122
Hawaii,HI,2008,49454,45944,9404,31424,5116,3510,2036,26,363,1085
Hawaii,HI,2009,51066,47516,9244,33415,4857,3550,2112,23,385,1030
Hawaii,HI,2010,49270,45667,8706,31681,5280,3603,2136,25,377,1065
Hawaii,HI,2011,47339,43874,8165,31240,4469,3465,2098,20,353,994
Hawaii,HI,2012,46147,42817,7979,31233,3605,3330,1976,29,285,1040
Hawaii,HI,2013,46408,42875,7533,31658,3684,3533,1996,21,385,1131
Hawaii,HI,2014,46977,43297,7778,31640,3879,3680,2102,26,445,1107
Hawaii,HI,2015,58547,54346,6557,42010,5779,4201,2418,19,561,1203
Hawaii,HI,2016,47170,42753,6017,31082,5654,4417,2769,35,619,994
Hawaii,HI,2017,43969,40392,5549,29574,5269,3577,1894,39,567,1077
Hawaii,HI,2018,44304,40772,5631,29492,5649,3532,1925,36,625,946
Hawaii,HI,2019,44270,40228,5340,29634,5254,4042,2098,48,765,1131
Idaho,ID,2000,41228,37961,7330,28545,2086,3267,2644,16,384,223
Idaho,ID,2001,41392,38181,7507,28285,2389,3211,2511,30,425,245
Idaho,ID,2002,42547,39128,7441,29060,2627,3419,2646,36,497,240
Idaho,ID,2003,43404,40042,7837,29559,2646,3362,2556,26,535,245
Idaho,ID,2004,42251,38799,7671,28389,2739,3452,2586,31,594,241
Idaho,ID,2005,42226,38556,8066,27606,2884,3670,2792,35,577,266
Idaho,ID,2006,38801,35135,7545,25154,2436,3666,2726,35,611,294
Idaho,ID,2007,37965,34124,7131,24727,2266,3841,2942,49,607,243
Idaho,ID,2008,35620,31940,6748,23532,1660,3680,2839,23,579,239
Idaho,ID,2009,35025,31220,6682,23066,1472,3805,2952,24,575,254
Idaho,ID,2010,34900,31436,6513,23594,1329,3464,2696,22,533,213
Idaho,ID,2011,36077,32875,6915,24629,1331,3202,2535,35,444,188
Idaho,ID,2012,34969,31651,7186,23101,1364,3318,2567,29,479,243
Idaho,ID,2013,33553,30055,6640,21879,1536,3498,2596,27,655,220
Idaho,ID,2014,33784,30316,6428,22227,1661,3468,2623,32,609,204
Idaho,ID,2015,32426,28858,6124,20863,1871,3568,2650,32,694,192
Idaho,ID,2016,33233,29357,6318,20962,2077,3876,2895,49,719,213
Idaho,ID,2017,31967,28079,5655,20278,2146,3888,2953,32,707,196
Idaho,ID,2018,29619,25636,4940,18732,1964,3983,2957,35,791,200
Idaho,ID,2019,25793,21793,3927,16295,1571,4000,3001,35,809,155
Illinois,IL,2000,526474,445278,81850,313161,50267,81196,50731,898,3926,25641
Illinois,IL,2001,513918,434648,79158,306757,48733,79270,49347,982,4010,24931
Illinois,IL,2002,506238,430479,81440,304227,44812,75759,45114,961,4370,25314
Illinois,IL,2003,486261,415885,78345,295907,41633,70376,41506,895,4189,23786
Illinois,IL,2004,472851,403486,76088,287025,40373,69365,41783,780,4220,22582
Illinois,IL,2005,465166,394670,77635,277662,39373,70496,42158,770,4313,23255
Illinois,IL,2006,456976,387478,77259,272578,37641,69498,40858,780,4078,23782
Illinois,IL,2007,445850,377322,75524,267911,33887,68528,40573,752,4103,23100
Illinois,IL,2008,446135,378355,78968,266815,32572,67780,38818,790,4118,24054
Illinois,IL,2009,417532,353347,77850,248821,26676,64185,36588,773,3901,22923
Illinois,IL,2010,406196,349064,77472,242681,28911,57132,32976,704,3066,20386
Illinois,IL,2011,398991,344468,77719,237362,29387,54523,30495,781,3030,20217
Illinois,IL,2012,385416,332013,71101,235222,25690,53403,29618,744,3570,19471
Illinois,IL,2013,341957,292983,58237,213813,20933,48974,26283,706,4263,17722
Illinois,IL,2014,315048,267385,50008,199926,17451,47663,27520,685,4159,15299
Illinois,IL,2015,305083,255729,46443,191634,17652,49354,28879,744,4821,14910
Illinois,IL,2016,318160,262306,47989,194407,19910,55854,32065,1054,4908,17827
Illinois,IL,2017,313677,257497,43459,193157,20881,56180,32060,997,5556,17567
Illinois,IL,2018,297754,246264,39080,187591,19593,51490,30539,884,5859,14208
Illinois,IL,2019,285545,233984,34433,180776,18775,51561,32187,832,6078,12464
Indiana,IN,2000,228135,206905,41108,144707,21090,21230,12837,352,1759,6282
Indiana,IN,2001,234282,211548,42758,147291,21499,22734,13434,413,1716,7171
Indiana,IN,2002,230966,208965,42605,146073,20287,22001,13184,362,1843,6612
Indiana,IN,2003,229881,208039,41582,145686,20771,21842,13383,338,1720,6401
Indiana,IN,2004,232223,211929,42168,148670,21091,20294,11802,316,1803,6373
Indiana,IN,2005,237080,216778,43756,151278,21744,20302,11281,356,1856,6809
Indiana,IN,2006,238086,217783,45538,150655,21590,20303,10956,361,1811,7175
Indiana,IN,2007,235197,213887,46485,147999,19403,21310,11377,350,1738,7845
Indiana,IN,2008,235164,213639,48805,147334,17500,21525,11912,322,1711,7580
Indiana,IN,2009,221362,199907,48880,137190,13837,21455,12175,312,1621,7347
Indiana,IN,2010,220257,199274,48570,137204,13500,20983,12396,268,1760,6559
Indiana,IN,2011,227635,206016,50571,140630,14815,21619,12578,306,1758,6977
Indiana,IN,2012,220634,198032,47612,136759,13661,22602,14027,310,1667,6598
Indiana,IN,2013,211023,187536,42909,130423,14204,23487,13882,355,2142,7108
Indiana,IN,2014,198875,174776,36893,124022,13861,24099,14686,330,2186,6897
Indiana,IN,2015,197500,171847,34410,123918,13519,25653,15765,373,2404,7111
Indiana,IN,2016,198604,171759,34097,122931,14731,26845,16575,439,2501,7330
Indiana,IN,2017,187730,161132,30140,115591,15401,26598,16976,397,2625,6600
Indiana,IN,2018,171419,145838,25268,105242,15328,25581,16834,438,2370,5939
Indiana,IN,2019,157660,132694,21795,97176,13723,24966,16783,377,2475,5331
Iowa,IA,2000,94630,86834,16342,65118,5374,7796,6003,46,676,1071
Iowa,IA,2001,96499,88634,16885,66244,5505,7865,6012,50,649,1154
Iowa,IA,2002,101265,92877,18643,68411,5823,8388,6378,44,797,1169
Iowa,IA,2003,95729,87554,17515,64400,5639,8175,6198,50,796,1131
Iowa,IA,2004,94274,85775,17928,62214,5633,8499,6513,44,782,1160
Iowa,IA,2005,93067,84370,18147,60723,5500,8697,6657,40,847,1153
Iowa,IA,2006,92723,84202,18160,60998,5044,8521,6286,55,871,1309
Iowa,IA,2007,88103,79133,17176,57018,4939,8970,6633,39,970,1328
Iowa,IA,2008,81924,73273,16598,52299,4376,8651,6388,77,937,1249
Iowa,IA,2009,78565,70080,16419,49757,3904,8485,6356,38,890,1201
Iowa,IA,2010,76931,68740,16746,48194,3800,8191,6258,38,883,1012
Iowa,IA,2011,79926,72043,17573,50472,3998,7883,6149,44,866,824
Iowa,IA,2012,77951,69839,17096,48720,4023,8112,6234,45,871,962
Iowa,IA,2013,76188,67800,15868,47686,4246,8388,6323,43,1083,939
Iowa,IA,2014,73553,65056,14428,46477,4151,8497,6264,60,1128,1045
Iowa,IA,2015,72893,63957,14892,44723,4342,8936,6661,72,1156,1047
Iowa,IA,2016,74501,65391,15030,45378,4983,9110,6644,71,1247,1148
Iowa,IA,2017,76085,66855,15078,46198,5579,9230,6639,104,1234,1253
Iowa,IA,2018,61278,53385,11127,37571,4687,7893,5931,54,976,932
Iowa,IA,2019,63109,54699,11710,37847,5142,8410,6323,60,1164,863
Kansas,KS,2000,118527,108057,21484,80077,6496,10470,7231,169,1022,2048
Kansas,KS,2001,116446,105537,20514,77038,7985,10909,7449,92,945,2423
Kansas,KS,2002,110997,100768,19679,73877,7212,10229,6951,78,1035,2165
Kansas,KS,2003,120107,109276,21973,79471,7832,10831,7374,125,1085,2247
Kansas,KS,2004,120101,109771,20146,81115,8510,10330,7254,122,1142,1812
Kansas,KS,2005,115289,104588,19028,76222,9338,10701,7707,101,1098,1795
Kansas,KS,2006,116220,104260,20086,75450,8724,11960,8678,125,1279,1878
Kansas,KS,2007,115691,102961,20461,73900,8600,12730,9315,106,1287,2022
Kansas,KS,2008,106436,94882,19651,67826,7405,11554,8534,113,1226,1681
Kansas,KS,2009,102390,90930,19473,65499,5958,11460,8370,125,1179,1786
Kansas,KS,2010,99711,89109,19315,63774,6020,10602,7821,97,1146,1538
Kansas,KS,2011,98864,88655,18712,63259,6684,10209,7528,111,1122,1448
Kansas,KS,2012,100942,90710,18767,65165,6778,10232,7595,84,1053,1500
Kansas,KS,2013,95118,85280,17375,61264,6641,9838,7181,112,1195,1350
Kansas,KS,2014,89554,79431,15828,56697,6906,10123,7259,91,1411,1362
Kansas,KS,2015,90552,79199,15362,56880,6957,11353,7792,128,1615,1818
Kansas,KS,2016,89427,78367,14364,57066,6937,11060,7966,111,1312,1671
Kansas,KS,2017,93623,81593,13931,59816,7846,12030,8458,160,1627,1785
Kansas,KS,2018,89468,76686,12537,56305,7844,12782,9559,113,1567,1543
Kansas,KS,2019,79396,67428,9984,50165,7279,11968,9154,105,1416,1293
Kentucky,KY,2000,119626,107723,25308,73141,9274,11903,7363,193,1091,3256
Kentucky,KY,2001,117866,107356,26964,71448,8944,10510,6009,181,1051,3269
Kentucky,KY,2002,119691,108590,26891,72378,9321,11101,6692,191,1087,3131
Kentucky,KY,2003,113602,103370,26034,69083,8253,10232,5703,181,1124,3224
Kentucky,KY,2004,115361,105209,25902,70535,8772,10152,5410,236,1238,3268
Kentucky,KY,2005,116742,105608,26458,70354,8796,11134,5833,190,1421,3690
Kentucky,KY,2006,120789,109428,27867,72197,9364,11361,6026,173,1312,3850
Kentucky,KY,2007,120316,107987,27820,71489,8678,12329,6690,206,1365,4068
Kentucky,KY,2008,127182,114492,29556,77279,7657,12690,6952,201,1457,4080
Kentucky,KY,2009,119914,108914,29880,72938,6096,11000,5643,184,1531,3642
Kentucky,KY,2010,121774,111170,30443,74488,6239,10604,5230,188,1438,3748
Kentucky,KY,2011,129502,119037,32750,79586,6701,10465,5110,151,1499,3705
Kentucky,KY,2012,121578,111826,29587,75571,6668,9752,4750,195,1272,3535
Kentucky,KY,2013,113079,103857,26213,71612,6032,9222,4198,167,1611,3246
Kentucky,KY,2014,108506,99166,23244,69604,6318,9340,4404,160,1440,3336
Kentucky,KY,2015,106038,96362,22260,66320,7782,9676,4668,209,1492,3307
Kentucky,KY,2016,107466,97158,20834,66438,9886,10308,5038,260,1641,3369
Kentucky,KY,2017,104889,94833,20195,64394,10244,10056,5174,263,1661,2958
Kentucky,KY,2018,97162,87695,17190,60244,10261,9467,5059,244,1707,2457
Kentucky,KY,2019,94470,84769,15443,59130,10196,9701,5747,221,1572,2161
Louisiana,LA,2000,242344,211904,46289,144345,21270,30440,20851,560,1497,7532
Louisiana,LA,2001,238371,207693,46451,139555,21687,30678,20910,501,1403,7864
Louisiana,LA,2002,228528,198838,45350,133302,20186,29690,20445,593,1529,7123
Louisiana,LA,2003,222320,193698,44572,129471,19655,28622,19429,584,1601,7008
Louisiana,LA,2004,227997,199153,45359,134080,19714,28844,20090,574,1616,6564
Louisiana,LA,2005,193500,166611,39382,112840,14389,26889,19681,450,1421,5337
Louisiana,LA,2006,205898,174975,46703,112605,15667,30923,22853,555,1587,5928
Louisiana,LA,2007,212305,180516,46932,118291,15293,31789,23421,625,1427,6316
Louisiana,LA,2008,200792,171179,45524,112091,13564,29613,21578,544,1250,6241
Louisiana,LA,2009,201497,172619,46928,114102,11589,28878,20848,529,1351,6150
Louisiana,LA,2010,190908,165667,45437,110260,9970,25241,18214,500,1230,5297
Louisiana,LA,2011,193902,168529,46242,113174,9113,25373,18370,506,1262,5235
Louisiana,LA,2012,185804,162936,42140,112915,7881,22868,15740,495,1158,5475
Louisiana,LA,2013,189670,165686,41184,115342,9160,23984,16319,498,1619,5548
Louisiana,LA,2014,184758,160824,38337,112596,9891,23934,16387,477,1375,5695
Louisiana,LA,2015,181837,156629,35453,111435,9741,25208,17454,481,1723,5550
Louisiana,LA,2016,180888,154386,34667,109380,10339,26502,18556,554,1816,5576
Louisiana,LA,2017,183804,157712,34265,112485,10962,26092,18285,582,1867,5358
Louisiana,LA,2018,177710,152661,31132,109993,11536,25049,17866,530,2085,4568
Louisiana,LA,2019,172530,146993,26918,109359,10716,25537,18695,544,2273,4025
Maine,ME,2000,33400,32003,6775,23906,1322,1397,815,15,320,247
Maine,ME,2001,34589,33154,6898,24585,1671,1435,826,19,326,264
Maine,ME,2002,34381,32985,6965,24591,1429,1396,735,14,377,270
Maine,ME,2003,33500,32078,6579,24043,1456,1422,763,16,354,289
Maine,ME,2004,33104,31740,6341,24096,1303,1364,742,18,315,289
Maine,ME,2005,33372,31889,6323,24218,1348,1483,815,19,326,323
Maine,ME,2006,35191,33658,6846,25465,1347,1533,786,23,341,383
Maine,ME,2007,33814,32249,6745,24228,1276,1565,804,20,392,349
Maine,ME,2008,34005,32433,6559,24695,1179,1572,829,31,379,333
Maine,ME,2009,33286,31706,6729,23955,1022,1580,780,26,375,399
Maine,ME,2010,34521,32900,7364,24547,989,1621,796,24,389,412
Maine,ME,2011,35467,33829,7865,24886,1078,1638,848,26,394,370
Maine,ME,2012,34992,33361,7461,24905,995,1631,811,25,372,423
Maine,ME,2013,32165,30447,6483,23050,914,1718,912,24,447,335
Maine,ME,2014,28121,26421,5030,20592,799,1700,890,21,485,304
Maine,ME,2015,26056,24327,4684,18829,814,1729,921,23,474,311
Maine,ME,2016,23560,21912,4003,17134,775,1648,950,20,412,266
Maine,ME,2017,21750,20133,3334,16006,793,1617,872,23,473,249
Maine,ME,2018,19674,18173,2713,14683,777,1501,803,24,446,228
Maine,ME,2019,18291,16743,2350,13667,726,1548,824,20,516,188
Maryland,MD,2000,255085,213422,39426,145423,28573,41663,26130,430,1543,13560
Maryland,MD,2001,261600,219512,41553,145934,32025,42088,26668,446,1449,13525
Maryland,MD,2002,259120,217105,39765,143320,34020,42015,26715,513,1370,13417
Maryland,MD,2003,248196,209418,38641,134372,36405,38778,23593,525,1358,13302
Maryland,MD,2004,241435,202474,36704,129888,35882,38961,24351,521,1317,12772
Maryland,MD,2005,237852,198483,35922,128491,34070,39369,23173,552,1266,14378
Maryland,MD,2006,233595,195484,37459,127502,30523,38111,22011,546,1178,14376
Maryland,MD,2007,228859,192796,37095,127308,28393,36063,21072,554,1179,13258
Maryland,MD,2008,233558,198165,38849,133983,25333,35393,20570,493,1127,13203
Maryland,MD,2009,215920,182295,36905,125771,19619,33625,20022,440,1156,12007
Maryland,MD,2010,204916,173309,36704,118578,18027,31607,18899,426,1228,11054
Maryland,MD,2011,195663,166846,35823,114951,16072,28817,16876,399,1200,10342
Maryland,MD,2012,190086,162031,33732,113274,15025,28055,16310,369,1235,10141
Maryland,MD,2013,186002,157913,31949,112546,13418,28089,16128,381,1532,10048
Maryland,MD,2014,176520,149859,28012,108745,13102,26661,15133,365,1619,9544
Maryland,MD,2015,166510,139048,25678,100219,13151,27462,15417,516,1666,9863
Maryland,MD,2016,165845,137445,24692,100919,11834,28400,15874,481,1756,10289
Maryland,MD,2017,164769,134496,23508,97420,13568,30273,16836,546,1691,11200
Maryland,MD,2018,151184,122864,18892,91835,12137,28320,16135,490,1979,9716
Maryland,MD,2019,145357,117901,16862,89780,11259,27456,15798,542,1913,9203
Massachusetts,MA,2000,192131,161901,30600,105425,25876,30230,22594,125,1696,5815
Massachusetts,MA,2001,197664,167079,32430,106821,27828,30585,22110,143,1856,6476
Massachusetts,MA,2002,198890,167753,33243,107922,26588,31137,22018,173,1777,7169
Massachusetts,MA,2003,194920,164543,34963,104069,25511,30377,20378,140,1848,8011
Massachusetts,MA,2004,187639,158150,34497,101605,22048,29489,20040,171,1794,7484
Massachusetts,MA,2005,181371,151727,34728,98079,18920,29644,19878,178,1751,7837
Massachusetts,MA,2006,186160,153943,35243,100725,17975,32217,22178,188,1771,8080
Massachusetts,MA,2007,183230,154743,35767,103925,15051,28487,19636,187,1643,7021
Massachusetts,MA,2008,186056,155919,36251,106913,12755,30137,21143,166,1751,7077
Massachusetts,MA,2009,183681,153178,34515,106799,11864,30503,21129,173,1734,7467
Massachusetts,MA,2010,185233,154496,37903,105124,11469,30737,21842,214,1784,6897
Massachusetts,MA,2011,177061,148829,36403,101644,10782,28232,19626,184,1654,6768
Massachusetts,MA,2012,170042,143089,34540,99317,9232,26953,18638,121,1642,6552
Massachusetts,MA,2013,164952,137285,30735,97428,9122,27667,18106,137,2718,6706
Massachusetts,MA,2014,151666,125267,24964,92043,8260,26399,18051,132,2180,6036
Massachusetts,MA,2015,141433,114871,21890,84912,8069,26562,19071,128,2075,5288
Massachusetts,MA,2016,132016,106339,19193,79088,8058,25677,18050,134,2128,5365
Massachusetts,MA,2017,123135,98575,17089,73946,7540,24560,17319,173,2197,4871
Massachusetts,MA,2018,110533,87196,13862,66728,6606,23337,16648,136,2410,4143
Massachusetts,MA,2019,103895,81317,12341,62844,6132,22578,16609,152,2204,3613
Michigan,MI,2000,408456,353297,69790,227783,55724,55159,35753,669,5025,13712
Michigan,MI,2001,407777,352353,72038,226708,53607,55424,36551,672,5264,12937
Michigan,MI,2002,389366,335060,70970,214367,49723,54306,36417,678,5364,11847
Michigan,MI,2003,382115,330565,68316,208538,53711,51550,34214,612,5470,11254
Michigan,MI,2004,359542,309805,64233,194988,50584,49737,32276,643,5482,11336
Michigan,MI,2005,368828,312892,70527,194090,48275,55936,36760,629,5199,13348
Michigan,MI,2006,382575,325594,76313,199183,50098,56981,36684,721,5347,14229
Michigan,MI,2007,362315,308550,75273,191289,41988,53765,35147,661,4592,13365
Michigan,MI,2008,346612,295100,74787,184558,35755,51512,33205,554,4507,13246
Michigan,MI,2009,333844,284019,76046,178628,29345,49825,32251,623,4524,12427
Michigan,MI,2010,320194,271501,74345,169748,27408,48693,31858,580,4733,11522
Michigan,MI,2011,295060,251329,69755,156666,24908,43731,28507,617,4344,10263
Michigan,MI,2012,295023,250101,65665,159321,25115,44922,29210,689,4589,10434
Michigan,MI,2013,274857,230334,56344,149423,24567,44523,27194,631,6593,10105
Michigan,MI,2014,244895,202547,44184,137206,21157,42348,27519,535,6273,8021
Michigan,MI,2015,228332,187101,40041,131296,15764,41231,26414,571,6450,7796
Michigan,MI,2016,235192,189620,39568,129876,20176,45572,30729,598,7125,7120
Michigan,MI,2017,224144,179318,35641,124104,19573,44826,30738,569,7031,6488
Michigan,MI,2018,210198,165280,31651,116178,17451,44918,31021,551,7690,5656
Michigan,MI,2019,201982,158296,28572,111980,17744,43686,30545,556,7235,5350
Minnesota,MN,2000,171611,157798,26116,118250,13432,13813,7709,151,2240,3713
Minnesota,MN,2001,178191,165046,25496,124519,15031,13145,7032,119,2236,3758
Minnesota,MN,2002,177454,164026,28034,122150,13842,13428,7106,112,2273,3937
Minnesota,MN,2003,170979,157663,27698,116216,13749,13316,7191,127,2092,3906
Minnesota,MN,2004,168770,155019,28048,113453,13518,13751,7445,113,2123,4070
Minnesota,MN,2005,173544,158301,29716,114304,14281,15243,8146,115,2258,4724
Minnesota,MN,2006,175318,159276,30306,115693,13277,16042,8830,126,1645,5441
Minnesota,MN,2007,173311,158257,29717,115892,12648,15054,8295,116,1873,4770
Minnesota,MN,2008,163370,149517,26558,112764,10195,13853,7759,110,1805,4179
Minnesota,MN,2009,152160,139286,25580,105160,8546,12874,7392,74,1789,3619
Minnesota,MN,2010,148946,136431,24415,103429,8587,12515,7233,96,1798,3388
Minnesota,MN,2011,148506,136183,25681,102354,8148,12323,6750,75,2113,3385
Minnesota,MN,2012,150571,138152,25378,104316,8458,12419,7207,99,1638,3475
Minnesota,MN,2013,143900,131195,22713,100516,7966,12705,6909,114,2008,3674
Minnesota,MN,2014,137882,125377,20773,96237,8367,12505,6729,88,2001,3687
Minnesota,MN,2015,135303,121984,19299,94704,7981,13319,7094,133,2321,3771
Minnesota,MN,2016,131150,117756,18606,90422,8728,13394,7217,101,2348,3728
Minnesota,MN,2017,135503,122212,18787,93446,9979,13291,7172,113,2385,3621
Minnesota,MN,2018,124243,111874,16185,85561,10128,12369,6857,106,2462,2944
Minnesota,MN,2019,130568,117236,15927,90092,11217,13332,7618,117,2448,3149
Mississippi,MS,2000,113911,103644,26918,69758,6968,10267,6290,255,1019,2703
Mississippi,MS,2001,119615,109609,29821,70315,9473,10006,5283,282,1147,3294
Mississippi,MS,2002,119442,109584,29593,70468,9523,9858,5111,264,1127,3356
Mississippi,MS,2003,116203,106867,29564,68307,8996,9336,4974,267,1079,3016
Mississippi,MS,2004,109548,100980,27661,65440,7879,8568,4677,227,1161,2503
Mississippi,MS,2005,103362,95231,26866,60873,7492,8131,4365,214,1147,2405
Mississippi,MS,2006,101929,92853,27117,57406,8330,9076,4547,231,1039,3259
Mississippi,MS,2007,99389,90887,27223,56473,7191,8502,4371,202,1033,2896
Mississippi,MS,2008,94430,85488,25506,53730,6252,8942,4669,236,958,3079
Mississippi,MS,2009,95778,87327,29559,52329,5439,8451,4297,194,991,2969
Mississippi,MS,2010,96595,88596,30453,52784,5359,7999,4087,204,931,2777
Mississippi,MS,2011,97818,89809,30722,54179,4908,8009,4418,232,863,2496
Mississippi,MS,2012,91692,83906,28076,51508,4322,7786,4460,220,822,2284
Mississippi,MS,2013,89714,81500,24995,52117,4388,8214,4680,195,930,2409
Mississippi,MS,2014,95800,87462,24352,58591,4519,8338,4592,258,1058,2430
Mississippi,MS,2015,93044,84790,24799,55748,4243,8254,4498,259,1203,2294
Mississippi,MS,2016,91115,82732,23354,55054,4324,8383,4471,238,1277,2397
Mississippi,MS,2017,90107,81581,24710,52240,4631,8526,5119,245,1091,2071
Mississippi,MS,2018,78765,71766,20839,46627,4300,6999,4696,171,537,1595
Mississippi,MS,2019,78979,70707,18660,46300,5747,8272,5493,332,747,1700
Missouri,MO,2000,253338,225919,41685,159539,24695,27419,18123,347,1351,7598
Missouri,MO,2001,268883,238411,42977,167420,28014,30472,20946,372,1383,7771
Missouri,MO,2002,261077,230520,42721,159921,27878,30557,21737,331,1465,7024
Missouri,MO,2003,261631,233564,41997,161616,29951,28067,19692,289,1400,6686
Missouri,MO,2004,252855,224629,40472,158264,25893,28226,19763,354,1479,6630
Missouri,MO,2005,258286,227809,42822,159288,25699,30477,21254,402,1625,7196
Missouri,MO,2006,255904,224007,44734,153874,25399,31897,22167,369,1764,7597
Missouri,MO,2007,258075,225113,44897,156319,23897,32962,23082,367,1785,7728
Missouri,MO,2008,246223,216522,45763,150002,20757,29701,20238,456,1612,7395
Missouri,MO,2009,231296,201783,43591,140764,17428,29513,20083,387,1606,7437
Missouri,MO,2010,228298,200858,44197,140526,16135,27440,19390,420,1445,6185
Missouri,MO,2011,225973,199085,44875,138879,15331,26888,18778,366,1469,6275
Missouri,MO,2012,226745,199590,42466,140816,16308,27155,19473,389,1511,5782
Missouri,MO,2013,215803,189606,38865,134416,16325,26197,18055,371,2287,5484
Missouri,MO,2014,203093,176237,35258,124622,16357,26856,18482,403,2379,5592
Missouri,MO,2015,203903,173642,34006,122637,16999,30261,20830,502,2553,6376
Missouri,MO,2016,202193,170549,31710,120544,18295,31644,21983,537,2554,6570
Missouri,MO,2017,205673,173253,30081,123251,19921,32420,22740,600,2729,6351
Missouri,MO,2018,192931,162173,27257,115101,19815,30758,22042,607,2912,5197
Missouri,MO,2019,192326,161946,26414,114460,21072,30380,21936,568,2917,4959
Montana,MT,2000,35005,32198,3624,26678,1896,2807,2276,20,308,203
Montana,MT,2001,33362,30175,3670,24684,1821,3187,2735,34,188,230
Montana,MT,2002,31948,28751,3289,23679,1783,3197,2661,16,237,283
Montana,MT,2003,31779,28428,3722,22800,1906,3351,2777,30,246,298
Montana,MT,2004,29938,27215,3515,22082,1618,2723,2187,30,273,233
Montana,MT,2005,32041,29407,3642,23794,1971,2634,2138,18,301,177
Montana,MT,2006,30550,26986,3380,21659,1947,3564,2950,33,348,233
Montana,MT,2007,31475,27837,3476,22315,2046,3638,3015,27,363,233
Montana,MT,2008,29313,26300,3689,20834,1777,3013,2411,40,358,204
Montana,MT,2009,27624,24826,3686,19528,1612,2798,2181,32,357,228
Montana,MT,2010,28142,25409,3692,20166,1551,2733,2222,25,332,154
Montana,MT,2011,26640,23885,3347,19089,1449,2755,2189,29,366,171
Montana,MT,2012,28706,25970,3894,20387,1689,2736,2139,27,379,191
Montana,MT,2013,28520,25953,4064,20039,1850,2567,1931,22,410,204
Montana,MT,2014,28625,25312,3595,19674,2043,3313,2532,37,541,203
Montana,MT,2015,30711,27100,3838,20844,2418,3611,2818,36,547,210
Montana,MT,2016,31816,27976,3934,21299,2743,3840,2960,36,578,266
Montana,MT,2017,31186,27225,3615,21018,2592,3961,3012,41,613,295
Montana,MT,2018,30492,26518,3257,20465,2796,3974,3120,34,551,269
Montana,MT,2019,27768,23440,2887,18176,2377,4328,3472,27,624,205
Nebraska,NE,2000,70085,64479,10131,49118,5230,5606,3960,63,436,1147
Nebraska,NE,2001,74177,68963,9760,52713,6490,5214,3612,43,431,1128
Nebraska,NE,2002,73606,68178,10329,51440,6409,5428,3557,48,464,1359
Nebraska,NE,2003,70294,65189,10133,48924,6132,5105,3380,56,504,1165
Nebraska,NE,2004,66905,61512,9826,46399,5287,5393,3595,40,620,1138
Nebraska,NE,2005,65400,60348,9408,45359,5581,5052,3387,44,581,1040
Nebraska,NE,2006,64608,59411,9535,44710,5166,5197,3433,51,577,1136
Nebraska,NE,2007,61289,55765,9035,41484,5246,5524,3788,71,550,1115
Nebraska,NE,2008,56920,51350,8731,38394,4225,5570,3603,69,601,1297
Nebraska,NE,2009,54930,49731,8726,37496,3509,5199,3321,41,617,1220
Nebraska,NE,2010,53920,48827,8318,36896,3613,5093,3345,54,674,1020
Nebraska,NE,2011,55566,50894,8725,38060,4109,4672,2912,68,699,993
Nebraska,NE,2012,55932,51118,8735,38236,4147,4814,2920,53,711,1130
Nebraska,NE,2013,53915,49018,8900,35655,4463,4897,2999,57,801,1040
Nebraska,NE,2014,52754,47479,7950,35074,4455,5275,3316,54,862,1043
Nebraska,NE,2015,47707,42495,6422,32072,4001,5212,3283,62,873,994
Nebraska,NE,2016,48713,43163,6444,31994,4725,5550,3561,49,994,946
Nebraska,NE,2017,49536,43663,6472,31988,5203,5873,3671,43,1191,968
Nebraska,NE,2018,45620,40126,5246,30006,4874,5494,3461,44,1233,756
Nebraska,NE,2019,45270,39449,4745,29719,4985,5821,3731,45,1253,792
Nevada,NV,2000,85297,74823,17526,44125,13172,10474,4942,129,860,4543
Nevada,NV,2001,89845,77486,17711,45073,14702,12359,6364,180,883,4932
Nevada,NV,2002,97752,83896,18951,47459,17486,13856,7629,181,928,5118
Nevada,NV,2003,109941,96128,21958,53321,20849,13813,7520,197,871,5225
Nevada,NV,2004,112594,98215,23142,52438,22635,14379,8348,172,954,4905
Nevada,NV,2005,117078,102424,23481,52012,26931,14654,8730,206,1016,4702
Nevada,NV,2006,121025,102338,24902,50429,27007,18687,10331,226,1092,7038
Nevada,NV,2007,116483,97118,24911,49844,22363,19365,11138,193,1096,6938
Nevada,NV,2008,108979,90006,24254,49814,15938,18973,11216,165,1106,6486
Nevada,NV,2009,99615,80976,22115,46463,12398,18639,11431,156,1024,6028
Nevada,NV,2010,92933,75004,22286,42533,10185,17929,11508,158,965,5298
Nevada,NV,2011,85527,70075,20342,40156,9577,15452,10092,139,913,4308
Nevada,NV,2012,94273,77510,22120,45372,10018,16763,10790,124,931,4918
Nevada,NV,2013,96001,79177,23047,46132,9998,16824,10060,163,1418,5183
Nevada,NV,2014,92583,74538,21927,42426,10185,18045,10564,170,1357,5954
Nevada,NV,2015,97255,77137,22360,43426,11351,20118,11965,178,1688,6287
Nevada,NV,2016,95983,76047,18850,44017,13180,19936,11639,224,1733,6340
Nevada,NV,2017,94989,78322,20049,45461,12812,16667,9662,274,1890,4841
Nevada,NV,2018,90405,73985,17743,44338,11904,16420,10027,202,2329,3862
Nevada,NV,2019,86735,71525,15510,44755,11260,15210,9620,143,2161,3286
New Hampshire,NH,2000,30068,27901,4992,20761,2148,2167,1170,22,522,453
New Hampshire,NH,2001,29233,27089,4889,20060,2140,2144,1224,17,458,445
New Hampshire,NH,2002,28306,26250,4838,19468,1944,2056,1185,12,446,413
New Hampshire,NH,2003,28393,26456,4589,19934,1933,1937,1002,17,438,480
New Hampshire,NH,2004,28860,26658,4979,19723,1956,2202,1219,17,466,500
New Hampshire,NH,2005,25792,24031,4192,18493,1346,1761,971,19,406,365
New Hampshire,NH,2006,27845,26060,4395,20179,1486,1785,1042,13,295,435
New Hampshire,NH,2007,28290,26394,5074,19909,1411,1896,1076,12,357,451
New Hampshire,NH,2008,30441,28387,4266,22714,1407,2054,1234,14,385,421
New Hampshire,NH,2009,30915,28790,4915,22748,1127,2125,1261,11,399,454
New Hampshire,NH,2010,31434,29230,5444,22789,997,2204,1330,13,411,450
New Hampshire,NH,2011,35620,32756,6244,25398,1114,2864,1758,16,581,509
New Hampshire,NH,2012,33174,30693,5444,24226,1023,2481,1545,15,449,472
New Hampshire,NH,2013,31889,29040,4936,23164,940,2849,1492,22,686,649
New Hampshire,NH,2014,28643,26041,4162,21022,857,2602,1459,12,594,537
New Hampshire,NH,2015,25881,23229,3467,18871,891,2652,1543,14,627,468
New Hampshire,NH,2016,22831,20194,2963,16360,871,2637,1611,17,582,427
New Hampshire,NH,2017,21223,18555,2574,15066,915,2668,1572,14,663,419
New Hampshire,NH,2018,19284,16935,1847,14219,869,2349,1435,21,534,359
New Hampshire,NH,2019,18516,16442,1717,13832,893,2074,1138,33,590,313
New Jersey,NJ,2000,265935,233637,43924,155562,34151,32298,17099,289,1357,13553
New Jersey,NJ,2001,273645,240551,46812,156031,37708,33094,17370,336,1278,14110
New Jersey,NJ,2002,259967,227715,43899,148061,35755,32252,16593,339,1365,13955
New Jersey,NJ,2003,251838,220350,43457,142287,34606,31488,16452,406,1288,13342
New Jersey,NJ,2004,242256,211313,41030,139977,30306,30943,16144,392,1331,13076
New Jersey,NJ,2005,234310,203391,38980,136728,27683,30919,16079,417,1208,13215
New Jersey,NJ,2006,229370,198820,39384,134687,24749,30550,15562,427,1201,13360
New Jersey,NJ,2007,220882,192338,37234,133145,21959,28544,14564,381,1032,12567
New Jersey,NJ,2008,227478,199127,40402,138545,20180,28351,14152,376,1122,12701
New Jersey,NJ,2009,207865,180752,36945,128303,15504,27113,14114,319,1041,11639
New Jersey,NJ,2010,210097,183042,38732,128754,15556,27055,13885,371,981,11818
New Jersey,NJ,2011,216922,189719,43238,129066,17415,27203,13608,380,1006,12209
New Jersey,NJ,2012,207208,181481,42338,122662,16481,25727,12919,388,1035,11385
New Jersey,NJ,2013,193230,167556,35873,117936,13747,25674,12071,401,1120,12082
New Jersey,NJ,2014,178339,154993,31710,111578,11705,23346,11225,349,1274,10498
New Jersey,NJ,2015,168580,145701,27960,105963,11778,22879,11414,363,1373,9729
New Jersey,NJ,2016,160066,138152,25284,101540,11328,21914,11105,372,1453,8984
New Jersey,NJ,2017,160690,140086,23891,104025,12170,20604,10880,324,1505,7895
New Jersey,NJ,2018,143693,125156,19232,94887,11037,18537,10463,286,1424,6364
New Jersey,NJ,2019,137012,118637,16399,91902,10336,18375,10852,262,1531,5730
New Mexico,NM,2000,100391,86605,21339,57925,7341,13786,10230,135,922,2499
New Mexico,NM,2001,97383,83095,19552,56406,7137,14288,10644,99,850,2695
New Mexico,NM,2002,94196,80477,19634,53406,7437,13719,10334,152,1027,2206
New Mexico,NM,2003,89351,76816,18997,50595,7224,12535,9542,116,940,1937
New Mexico,NM,2004,92976,79895,19924,52069,7902,13081,9811,169,1039,2062
New Mexico,NM,2005,92023,79575,20939,50707,7929,12448,9370,144,1041,1893
New Mexico,NM,2006,88797,76000,20906,45864,9230,12797,9495,134,1073,2095
New Mexico,NM,2007,88479,75168,20823,45442,8903,13311,9777,183,1028,2323
New Mexico,NM,2008,88685,75718,20706,46995,8017,12967,9537,161,1118,2151
New Mexico,NM,2009,87348,74639,21955,46182,6502,12709,9510,198,1069,1932
New Mexico,NM,2010,82923,70776,21023,44503,5250,12147,9432,140,959,1616
New Mexico,NM,2011,85453,73549,21419,46730,5400,11904,9170,158,856,1720
New Mexico,NM,2012,86754,75094,21384,48247,5463,11660,8740,116,957,1847
New Mexico,NM,2013,90038,77256,21476,49875,5905,12782,9382,125,1465,1810
New Mexico,NM,2014,86336,73877,18505,49082,6290,12459,8797,101,1475,2086
New Mexico,NM,2015,90775,77094,17085,51483,8526,13681,9407,117,1672,2485
New Mexico,NM,2016,96550,81931,17281,52907,11743,14619,10217,139,1526,2737
New Mexico,NM,2017,98665,82306,17917,52617,11772,16359,11230,148,1259,3722
New Mexico,NM,2018,89606,71657,16088,45390,10179,17949,13598,167,1354,2830
New Mexico,NM,2019,82719,65269,14610,41702,8957,17450,13640,181,1288,2341
New York,NY,2000,588189,483078,87946,340901,54231,105111,60090,952,3530,40539
New York,NY,2001,556025,458003,80400,329316,48287,98022,56961,960,3546,36555
New York,NY,2002,537121,442091,76700,318025,47366,95030,53583,909,3885,36653
New York,NY,2003,521565,432079,75453,311422,45204,89486,48987,934,3775,35790
New York,NY,2004,507648,422734,70696,311036,41002,84914,46911,889,3608,33506
New York,NY,2005,491829,405990,68034,302220,35736,85839,46150,874,3636,35179
New York,NY,2006,482593,398577,68617,297827,32133,84016,45467,922,3168,34459
New York,NY,2007,463586,383624,64914,290681,28029,79962,45144,805,2928,31085
New York,NY,2008,466145,388599,65544,297962,25093,77546,42125,836,2798,31787
New York,NY,2009,452647,377537,62769,292897,21871,75110,43606,781,2582,28141
New York,NY,2010,456202,379710,65839,293232,20639,76492,44197,868,2797,28630
New York,NY,2011,449300,371837,65227,287361,19249,77463,45538,769,2751,28405
New York,NY,2012,455750,376140,64553,294239,17348,79610,47423,684,2848,28655
New York,NY,2013,435970,358598,56442,286674,15482,77372,46130,648,3353,27241
New York,NY,2014,414680,339282,50781,272765,15736,75398,45303,617,5433,24045
New York,NY,2015,392694,317529,44276,257940,15313,75165,44546,609,6074,23936
New York,NY,2016,379466,305181,39821,250968,14392,74285,45079,630,6260,22316
New York,NY,2017,371354,300555,35002,252143,13410,70799,43819,548,6324,20108
New York,NY,2018,350002,281507,31137,237233,13137,68495,43171,562,6575,18187
New York,NY,2019,336919,267155,27600,226851,12704,69764,44555,558,6583,18068
North Carolina,NC,2000,395972,355921,97888,232767,25266,40051,24715,560,2181,12595
North Carolina,NC,2001,404242,363777,101889,237241,24647,40465,24573,505,2083,13304
North Carolina,NC,2002,392826,353708,99535,229307,24866,39118,24169,548,2196,12205
North Carolina,NC,2003,397903,359660,100687,232081,26892,38243,23369,506,2139,12229
North Carolina,NC,2004,393572,355328,101193,227147,26988,38244,23591,532,2339,11782
North Carolina,NC,2005,394505,353855,104298,221091,28466,40650,25128,585,2302,12635
North Carolina,NC,2006,406637,364549,107333,227114,30102,42088,25586,539,2495,13468
North Carolina,NC,2007,412124,369893,108700,233241,27952,42231,25727,584,2386,13534
North Carolina,NC,2008,415888,372763,111556,234480,26727,43125,25907,599,2296,14323
North Carolina,NC,2009,381653,343707,107830,215923,19954,37946,23326,489,2306,11825
North Carolina,NC,2010,363881,329202,102826,208057,18319,34679,22583,474,2002,9620
North Carolina,NC,2011,371227,337806,105534,215453,16819,33421,21516,498,1959,9448
North Carolina,NC,2012,363058,328594,99323,213151,16120,34464,22609,479,1984,9392
North Carolina,NC,2013,341749,308049,90702,202741,14606,33700,21513,469,2369,9349
North Carolina,NC,2014,318464,285697,79373,192694,13630,32767,21421,510,2420,8416
North Carolina,NC,2015,311035,276183,74841,187907,13435,34852,22826,517,2684,8825
North Carolina,NC,2016,315534,277765,72082,190377,15306,37769,24906,678,2849,9336
North Carolina,NC,2017,298850,261486,64786,180902,15798,37364,24708,591,2715,9350
North Carolina,NC,2018,298189,258979,62290,179057,17632,39210,27526,628,2633,8423
North Carolina,NC,2019,286231,247236,54447,174728,18061,38995,27517,632,3247,7599
North Dakota,ND,2000,14694,14171,2093,11092,986,523,294,4,169,56
North Dakota,ND,2001,15339,14834,2165,11583,1086,505,274,7,164,60
North Dakota,ND,2002,15258,14762,2243,11501,1018,496,270,5,163,58
North Dakota,ND,2003,13872,13364,1959,10327,1078,508,286,9,160,53
North Dakota,ND,2004,13051,12493,2040,9516,937,558,330,8,177,43
North Dakota,ND,2005,13554,12848,2043,9732,1073,706,460,12,180,54
North Dakota,ND,2006,14614,13359,2601,9672,1086,1255,925,14,241,75
North Dakota,ND,2007,14139,12796,2314,9500,982,1343,999,17,252,75
North Dakota,ND,2008,14470,13029,2336,9782,911,1441,1026,11,331,73
North Dakota,ND,2009,14536,12813,2426,9474,913,1723,1308,12,296,107
North Dakota,ND,2010,13558,12010,2000,9137,873,1548,1203,10,245,90
North Dakota,ND,2011,15033,13334,2458,9891,985,1699,1318,24,266,91
North Dakota,ND,2012,15775,14063,2377,10535,1151,1712,1281,28,272,131
North Dakota,ND,2013,17102,15148,2934,10798,1416,1954,1446,16,330,162
North Dakota,ND,2014,17565,15605,2707,11384,1514,1960,1407,22,358,173
North Dakota,ND,2015,17832,16020,2997,11440,1583,1812,1298,21,345,148
North Dakota,ND,2016,19305,17402,3243,12195,1964,1903,1365,15,342,181
North Dakota,ND,2017,18727,16602,2942,11887,1773,2125,1533,10,399,183
North Dakota,ND,2018,17640,15507,2724,11008,1775,2133,1560,18,397,158
North Dakota,ND,2019,17235,15066,2608,10666,1792,2169,1529,24,437,179
Ohio,OH,2000,458874,420939,88636,293277,39026,37935,17636,418,4271,15610
Ohio,OH,2001,475138,435115,96910,295976,42229,40023,17906,452,4466,17199
Ohio,OH,2002,469104,428976,99164,287045,42767,40128,16922,526,4809,17871
Ohio,OH,2003,455668,417483,95083,281383,41017,38185,16104,526,4660,16895
Ohio,OH,2004,458124,419337,96518,282168,40651,38787,16108,506,4744,17429
Ohio,OH,2005,460867,420705,100183,279051,41471,40162,16228,590,4671,18673
Ohio,OH,2006,464825,423334,105639,279718,37977,41491,16743,560,4770,19418
Ohio,OH,2007,438440,397681,99049,264677,33955,40759,17218,529,4661,18351
Ohio,OH,2008,432103,391667,102428,260788,28451,40436,16652,547,4531,18706
Ohio,OH,2009,414751,376446,104009,249777,22660,38305,15989,527,4119,17670
Ohio,OH,2010,413142,376836,107125,248581,21130,36306,15611,479,3730,16486
Ohio,OH,2011,415790,380572,112901,246744,20927,35218,15048,500,3679,15991
Ohio,OH,2012,394478,359883,103421,236950,19512,34595,15207,495,3658,15235
Ohio,OH,2013,371852,338731,91433,227766,19532,33121,14257,455,4041,14368
Ohio,OH,2014,357558,324528,78845,227668,18015,33030,14771,464,5042,12753
Ohio,OH,2015,334423,300525,69303,213993,17229,33898,15695,500,5149,12554
Ohio,OH,2016,334234,299357,66883,212807,19667,34877,16111,654,5589,12523
Ohio,OH,2017,316717,282034,58573,203208,20253,34683,16509,710,5859,11605
Ohio,OH,2018,287219,254496,48186,186401,19909,32723,17674,564,5300,9185
Ohio,OH,2019,274560,240291,43894,177725,18672,34269,19154,538,5731,8846
Oklahoma,OK,2000,157302,140125,31661,96116,12348,17177,12958,182,1422,2615
Oklahoma,OK,2001,159405,141679,34573,94537,12569,17726,13309,185,1486,2746
Oklahoma,OK,2002,165715,148128,35171,100185,12772,17587,12885,163,1573,2966
Oklahoma,OK,2003,168966,151208,34846,103404,12958,17758,12827,206,1501,3224
Oklahoma,OK,2004,167107,149472,35244,101271,12957,17635,12802,186,1557,3090
Oklahoma,OK,2005,161450,143406,35692,93814,13900,18044,13146,187,1481,3230
Oklahoma,OK,2006,147633,129728,34437,81853,13438,17905,13062,210,1488,3145
Oklahoma,OK,2007,146948,128714,34367,80747,13600,18234,13053,224,1565,3392
Oklahoma,OK,2008,145894,126535,35247,80265,11023,19359,13975,215,1471,3698
Oklahoma,OK,2009,150910,132350,38071,83813,10466,18560,13433,234,1535,3358
Oklahoma,OK,2010,147564,129464,37848,81303,10313,18100,13091,195,1469,3345
Oklahoma,OK,2011,144929,127618,36462,80064,11092,17311,12401,212,1410,3288
Oklahoma,OK,2012,147645,129743,35731,82448,11564,17902,12867,216,1588,3231
Oklahoma,OK,2013,143046,126057,33348,81495,11214,16989,11583,195,2180,3031
Oklahoma,OK,2014,131726,115982,29508,75891,10583,15744,10744,175,1777,3048
Oklahoma,OK,2015,129384,112878,28406,74022,10450,16506,11418,234,1849,3005
Oklahoma,OK,2016,134685,117037,29103,75779,12155,17648,12202,245,2039,3162
Oklahoma,OK,2017,131000,113066,28608,72207,12251,17934,12550,242,2142,3000
Oklahoma,OK,2018,131744,113364,26858,73217,13289,18380,13084,206,2299,2791
Oklahoma,OK,2019,129673,112587,26577,72632,13378,17086,12183,266,2268,2369
Oregon,OR,2000,165780,153780,25618,114230,13932,12000,7756,70,1286,2888
Oregon,OR,2001,175174,164524,26648,123034,14842,10650,6643,84,1174,2749
Oregon,OR,2002,171443,161145,25696,118925,16524,10298,6246,72,1238,2742
Oregon,OR,2003,180369,169863,28562,122327,18974,10506,6373,68,1218,2847
Oregon,OR,2004,177199,166475,30072,117868,18535,10724,6600,90,1283,2751
Oregon,OR,2005,170643,160199,27621,113316,19262,10444,6620,80,1266,2478
Oregon,OR,2006,148392,137858,24324,98897,14637,10534,6516,88,1219,2711
Oregon,OR,2007,143788,132773,22979,95157,14637,11015,6799,76,1276,2864
Oregon,OR,2008,135078,125169,21115,92677,11377,9909,5983,87,1183,2656
Oregon,OR,2009,124748,114780,19739,85064,9977,9968,6179,88,1202,2499
Oregon,OR,2010,126305,116657,20035,87494,9128,9648,5892,96,1239,2421
Oregon,OR,2011,131512,121869,20704,92059,9106,9643,6083,84,1239,2237
Oregon,OR,2012,135376,125723,21901,93619,10203,9653,6008,92,1140,2413
Oregon,OR,2013,134721,124737,20769,94106,9862,9984,5610,80,1897,2397
Oregon,OR,2014,123529,114305,17230,87526,9549,9224,5592,81,1458,2093
Oregon,OR,2015,129187,118719,18336,89836,10547,10468,6630,99,1593,2146
Oregon,OR,2016,132175,121345,16866,91286,13193,10830,6718,113,1721,2278
Oregon,OR,2017,135396,123722,17705,88877,17140,11674,7139,104,1999,2432
Oregon,OR,2018,133244,121278,16304,88418,16556,11966,7360,82,1975,2549
Oregon,OR,2019,127165,115170,14724,85261,15185,11995,7825,116,1778,2276
Pennsylvania,PA,2000,367858,316274,54080,225869,36325,51584,29580,602,3247,18155
Pennsylvania,PA,2001,363840,313408,54345,223350,35713,50432,28814,651,3467,17500
Pennsylvania,PA,2002,350446,300868,55610,212441,32817,49578,28060,624,3731,17163
Pennsylvania,PA,2003,349849,300639,53918,213279,33442,49210,27027,647,3556,17980
Pennsylvania,PA,2004,350609,299611,54443,214199,30969,50998,28339,650,3535,18474
Pennsylvania,PA,2005,353205,300444,56134,214916,29394,52761,29205,756,3586,19214
Pennsylvania,PA,2006,359617,304589,57739,217142,29708,55028,29581,741,3611,21095
Pennsylvania,PA,2007,345656,293850,56091,211248,26511,51806,28198,725,3443,19440
Pennsylvania,PA,2008,351338,300294,58687,219115,22492,51044,27981,705,3485,18873
Pennsylvania,PA,2009,325370,277182,54772,204588,17822,48188,26394,664,3626,17504
Pennsylvania,PA,2010,322978,276366,55206,204440,16720,46612,26112,653,3472,16375
Pennsylvania,PA,2011,329631,283442,57966,208604,16872,46189,26046,639,3339,16165
Pennsylvania,PA,2012,320999,276496,56859,204609,15028,44503,24818,685,3327,15673
Pennsylvania,PA,2013,306089,263240,52034,197436,13770,42849,23719,594,3774,14762
Pennsylvania,PA,2014,287180,247016,45720,188256,13040,40164,22189,614,3827,13534
Pennsylvania,PA,2015,272424,232085,39664,180287,12134,40339,22373,658,4305,13003
Pennsylvania,PA,2016,263242,222795,35520,174228,13047,40447,23027,661,4433,12326
Pennsylvania,PA,2017,251340,211220,32057,166178,12985,40120,23387,739,4201,11793
Pennsylvania,PA,2018,230008,190816,27104,150596,13116,39192,24077,784,4483,9848
Pennsylvania,PA,2019,218893,179665,23354,143921,12390,39228,24465,669,4351,9743
Rhode Island,RI,2000,36444,33323,6620,22038,4665,3121,1742,45,412,922
Rhode Island,RI,2001,39020,35742,6824,23875,5043,3278,1837,39,416,986
Rhode Island,RI,2002,38393,35342,6415,24051,4876,3051,1699,41,395,916
Rhode Island,RI,2003,35305,32231,5524,22320,4387,3074,1714,25,505,830
Rhode Island,RI,2004,33839,31166,5465,21623,4078,2673,1596,26,320,731
Rhode Island,RI,2005,31997,29287,5319,19567,4401,2710,1577,34,323,776
Rhode Island,RI,2006,30374,27914,5453,18852,3609,2460,1404,27,289,740
Rhode Island,RI,2007,30000,27576,5206,19175,3195,2424,1387,19,258,760
Rhode Island,RI,2008,32551,29895,5766,20926,3203,2656,1463,31,282,880
Rhode Island,RI,2009,30236,27558,5753,19403,2402,2678,1565,32,296,785
Rhode Island,RI,2010,29668,26959,6124,18432,2403,2709,1600,29,298,782
Rhode Island,RI,2011,30562,27976,6836,18765,2375,2586,1503,20,319,744
Rhode Island,RI,2012,29668,27017,5949,18440,2628,2651,1616,34,288,713
Rhode Island,RI,2013,28383,25678,5607,17838,2233,2705,1550,31,440,684
Rhode Island,RI,2014,25248,22935,4823,16279,1833,2313,1398,25,361,529
Rhode Island,RI,2015,22605,20043,3947,14707,1389,2562,1518,29,459,556
Rhode Island,RI,2016,22582,20058,3788,14674,1596,2524,1513,29,442,540
Rhode Island,RI,2017,21021,18561,3217,13861,1483,2460,1521,20,445,474
Rhode Island,RI,2018,19878,17561,2810,13220,1531,2317,1366,16,481,454
Rhode Island,RI,2019,18601,16259,2321,12580,1358,2342,1408,25,491,418
South Carolina,SC,2000,214515,181290,40319,125385,15586,33225,25054,291,1660,6220
South Carolina,SC,2001,219168,186054,42611,126742,16701,33114,25028,330,1769,5987
South Carolina,SC,2002,217569,183808,43745,123196,16867,33761,25730,298,1959,5774
South Carolina,SC,2003,221047,187592,43993,127809,15790,33455,25399,303,1952,5801
South Carolina,SC,2004,223616,190456,43739,130991,15726,33160,25634,286,1772,5468
South Carolina,SC,2005,218196,185606,42741,126489,16376,32590,24757,314,1862,5657
South Carolina,SC,2006,218034,184712,42952,125075,16685,33322,25224,362,1834,5902
South Carolina,SC,2007,223934,189304,45398,126802,17104,34630,26139,364,1773,6354
South Carolina,SC,2008,222696,189950,45964,126316,17670,32746,24158,307,1686,6595
South Carolina,SC,2009,209109,178310,45443,119250,13617,30799,23078,305,1663,5753
South Carolina,SC,2010,209021,181098,46261,121544,13293,27923,21090,265,1551,5017
South Carolina,SC,2011,211137,183243,47351,122255,13637,27894,21265,320,1678,4631
South Carolina,SC,2012,206947,180550,45086,122263,13201,26397,19905,324,1679,4489
South Carolina,SC,2013,197327,173049,40958,119511,12580,24278,17838,297,2171,3972
South Carolina,SC,2014,191269,167217,36721,117594,12902,24052,17676,311,2068,3997
South Carolina,SC,2015,185945,161245,34551,113724,12970,24700,18073,399,2297,3931
South Carolina,SC,2016,185824,160928,32976,114032,13920,24896,18108,366,2387,4035
South Carolina,SC,2017,186007,160575,31306,115012,14257,25432,18668,390,2504,3870
South Carolina,SC,2018,178246,153421,29473,109616,14332,24825,18446,392,2434,3553
South Carolina,SC,2019,177712,151389,27461,108953,14975,26323,20105,464,2460,3294
South Dakota,SD,2000,17511,16252,2896,12558,798,1259,816,7,305,131
South Dakota,SD,2001,17644,16473,3087,12571,815,1171,710,7,351,103
South Dakota,SD,2002,17342,15992,3034,12139,819,1350,861,11,361,117
South Dakota,SD,2003,16653,15324,2878,11572,874,1329,859,10,356,104
South Dakota,SD,2004,16204,14885,3148,10890,847,1319,854,17,336,112
South Dakota,SD,2005,15081,13694,2505,10350,839,1387,847,18,377,145
South Dakota,SD,2006,15883,13812,3024,9954,834,2071,1418,30,465,158
South Dakota,SD,2007,15755,13829,2647,10398,784,1926,1344,31,433,118
South Dakota,SD,2008,16094,13867,2683,10266,918,2227,1494,37,562,134
South Dakota,SD,2009,16155,14378,2621,10891,866,1777,1129,30,501,117
South Dakota,SD,2010,17384,15188,3192,11196,800,2196,1634,23,385,154
South Dakota,SD,2011,17404,15299,2927,11423,949,2105,1415,20,503,167
South Dakota,SD,2012,19850,17168,3258,12845,1065,2682,1914,25,585,158
South Dakota,SD,2013,18851,16177,3372,11867,938,2674,1996,20,499,159
South Dakota,SD,2014,18688,15902,2818,12077,1007,2786,2096,20,470,200
South Dakota,SD,2015,19969,16680,2960,12532,1188,3289,2546,32,495,216
South Dakota,SD,2016,20762,17141,3000,12639,1502,3621,2813,27,509,272
South Dakota,SD,2017,20088,16317,2707,12227,1383,3771,2913,25,595,238
South Dakota,SD,2018,18821,15251,2571,11156,1524,3570,2682,12,614,262
South Dakota,SD,2019,19197,15667,2646,11265,1756,3530,2676,17,642,195
Tennessee,TN,2000,278218,237985,56344,154111,27530,40233,28172,410,2186,9465
Tennessee,TN,2001,295768,252992,59705,165015,28272,42776,29938,423,2196,10219
Tennessee,TN,2002,290961,249399,61248,161610,26541,41562,29439,420,2290,9413
Tennessee,TN,2003,296974,256565,63323,166769,26473,40409,28471,396,2129,9413
Tennessee,TN,2004,296104,254991,60386,169828,24777,41113,29611,357,2282,8863
Tennessee,TN,2005,301197,256093,61508,169357,25228,45104,32470,431,2194,10009
Tennessee,TN,2006,295903,249860,63024,164183,22653,46043,32287,419,2194,11143
Tennessee,TN,2007,298824,252342,61817,168807,21718,46482,32843,405,2201,11033
Tennessee,TN,2008,296002,251089,65093,166793,19203,44913,31619,412,2078,10804
Tennessee,TN,2009,279090,237157,63832,158309,15016,41933,29793,468,2019,9653
Tennessee,TN,2010,271764,232855,64293,153729,14833,38909,28016,359,2173,8361
Tennessee,TN,2011,269795,230900,62830,153928,14142,38895,28338,380,2095,8082
Tennessee,TN,2012,259214,217664,56181,148503,12980,41550,30961,388,2032,8169
Tennessee,TN,2013,244993,206629,50999,143802,11828,38364,28378,328,2351,7307
Tennessee,TN,2014,240295,200447,46642,141206,12599,39848,29681,371,2531,7265
Tennessee,TN,2015,234196,193796,43247,137679,12870,40400,29844,406,2676,7474
Tennessee,TN,2016,231932,189835,40312,134404,15119,42097,31084,486,2714,7813
Tennessee,TN,2017,241243,197488,38716,140248,18524,43755,32432,527,2934,7862
Tennessee,TN,2018,233505,191279,33132,137708,20439,42226,31717,498,2821,7190
Tennessee,TN,2019,221800,181153,29869,132104,19180,40647,31186,498,2813,6150
Texas,TX,2000,1033311,919658,188975,637522,93161,113653,74302,1238,7856,30257
Texas,TX,2001,1098809,976654,204362,669625,102667,122155,77306,1332,8169,35348
Texas,TX,2002,1130292,1004274,212602,688992,102680,126018,78628,1302,8508,37580
Texas,TX,2003,1138981,1016735,219877,698644,98214,122246,75782,1422,8025,37017
Texas,TX,2004,1132256,1010702,220118,696507,94077,121554,75985,1364,8388,35817
Texas,TX,2005,1111384,990293,219828,677042,93423,121091,75383,1407,8511,35790
Texas,TX,2006,1081448,959846,215710,648711,95425,121602,74531,1386,8429,37256
Texas,TX,2007,1107435,985421,228320,663101,94000,122014,73357,1419,8460,38778
Texas,TX,2008,1093450,969865,230046,654435,85384,123585,76421,1370,8055,37739
Texas,TX,2009,1116766,995082,240058,678455,76569,121684,74021,1330,8311,38022
Texas,TX,2010,1064477,951246,228597,654626,68023,113231,71517,1249,7622,32843
Texas,TX,2011,997544,892810,215755,613131,63924,104734,67498,1130,7486,28620
Texas,TX,2012,982535,876059,204810,606253,64996,106476,67239,1144,7711,30382
Texas,TX,2013,969732,861734,190898,605091,65745,107998,65292,1139,9766,31801
Texas,TX,2014,923348,813934,169234,576154,68546,109414,65656,1184,11393,31181
Texas,TX,2015,890966,777739,153054,557200,67485,113227,67727,1316,12250,31934
Texas,TX,2016,889989,768947,148740,551151,69056,121042,72880,1478,13367,33317
Texas,TX,2017,849566,725328,134066,523221,68041,124238,76089,1412,14470,32267
Texas,TX,2018,797357,679430,117911,491702,69817,117927,73656,1322,14693,28256
Texas,TX,2019,814678,693204,113902,501813,77489,121474,76253,1409,14824,28988
United States,None,2000,11608070,10182584,2050992,6971590,1160002,1425486,911706,15586,90178,408016
United States,None,2001,11876669,10437189,2116531,7092267,1228391,1439480,909023,16037,90863,423557
United States,None,2002,11878954,10455277,2151252,7057379,1246646,1423677,891407,16229,95235,420806
United States,None,2003,11826538,10442862,2154834,7026802,1261226,1383676,859030,16528,93883,414235
United States,None,2004,11679474,10319386,2144446,6937089,1237851,1360088,847381,16148,95089,401470
United States,None,2005,11565499,10174754,2155448,6783447,1235859,1390745,862220,16740,94347,417438
United States,None,2006,11454724,10019601,2194993,6626363,1198245,1435123,874096,17309,94472,449246
United States,None,2007,11305182,9882212,2190198,6591542,1100472,1422970,866358,17128,92160,447324
United States,None,2008,11168613,9774152,2228887,6586206,959059,1394461,843683,16465,90750,443563
United States,None,2009,10662956,9337060,2203313,6338095,795652,1325896,812514,15399,89241,408742
United States,None,2010,10363873,9112625,2168459,6204601,739565,1251248,781844,14722,85593,369089
United States,None,2011,10258774,9052743,2185140,6151095,716508,1206031,752423,14661,84175,354772
United States,None,2012,10189902,8975438,2103787,6150598,721053,1214464,760739,14827,84376,354522
United States,None,2013,9824500,8632512,1928465,6004453,699594,1191988,724149,14196,108612,345031
United States,None,2014,9475816,8277829,1729806,5858496,689527,1197987,741291,14249,116645,325802
United States,None,2015,9225197,7993631,1579527,5706346,707758,1231566,764449,15696,124047,327374
United States,None,2016,9202093,7919035,1515096,5638455,765484,1283058,803007,17250,130603,332198
United States,None,2017,8977306,7694086,1401840,5519107,773139,1283220,810825,17284,135755,319356
United States,None,2018,8441110,7196045,1230149,5217055,748841,1245065,807410,16214,139380,282061
United States,None,2019,8171087,6925677,1117696,5086096,721885,1245410,821182,16425,139815,267988
Utah,UT,2000,99958,94247,14348,73438,6461,5711,3563,43,863,1242
Utah,UT,2001,96307,90993,13804,70676,6513,5314,3154,67,896,1197
Utah,UT,2002,103129,97641,15124,74795,7722,5488,3358,47,943,1140
Utah,UT,2003,105973,100084,16961,75321,7802,5889,3652,60,919,1258
Utah,UT,2004,103409,97762,15225,74889,7648,5647,3398,46,967,1236
Utah,UT,2005,101158,95546,14971,72082,8493,5612,3541,56,920,1095
Utah,UT,2006,95343,89572,14721,66480,8371,5771,3587,51,891,1242
Utah,UT,2007,99429,93082,15594,68573,8915,6347,3928,59,935,1425
Utah,UT,2008,98538,92373,14766,70299,7308,6165,3788,41,915,1421
Utah,UT,2009,97749,91751,15258,69556,6937,5998,3714,39,941,1304
Utah,UT,2010,94241,88316,15095,67242,5979,5925,3620,53,983,1269
Utah,UT,2011,89631,84084,13170,64727,6187,5547,3517,50,901,1079
Utah,UT,2012,91300,85424,12943,66482,5999,5876,3783,50,943,1100
Utah,UT,2013,92084,85586,13333,64788,7465,6498,3784,49,1422,1243
Utah,UT,2014,91057,84711,11518,65895,7298,6346,3513,67,1454,1312
Utah,UT,2015,96349,89278,12468,68103,8707,7071,4046,54,1645,1326
Utah,UT,2016,97465,90058,12836,67834,9388,7407,4274,72,1520,1541
Utah,UT,2017,93648,86238,11817,64892,9529,7410,4172,73,1697,1468
Utah,UT,2018,82524,75156,9968,57460,7728,7368,4319,60,1753,1236
Utah,UT,2019,77099,69546,8871,53937,6738,7553,4534,72,1822,1125
Vermont,VT,2000,18185,17494,3501,13184,809,691,425,9,140,117
Vermont,VT,2001,16978,16334,3150,12426,758,644,423,7,107,107
Vermont,VT,2002,15600,14942,3489,10684,769,658,442,13,126,77
Vermont,VT,2003,14510,13803,3017,10132,654,707,504,15,126,62
Vermont,VT,2004,15272,14559,3435,10537,587,713,459,16,160,78
Vermont,VT,2005,15531,14749,3185,10894,670,782,545,8,153,76
Vermont,VT,2006,15825,14920,3443,10857,620,905,604,14,173,114
Vermont,VT,2007,15504,14702,3200,10853,649,802,582,13,128,79
Vermont,VT,2008,16757,15903,3515,11802,586,854,611,17,133,93
Vermont,VT,2009,15847,15010,3471,11090,449,837,586,8,132,111
Vermont,VT,2010,14980,14160,3348,10373,439,820,596,7,141,76
Vermont,VT,2011,16011,15086,3838,10720,528,925,669,11,146,99
Vermont,VT,2012,15909,15016,3965,10616,435,893,652,8,121,112
Vermont,VT,2013,14634,13875,3313,10228,334,759,546,10,130,73
Vermont,VT,2014,10173,9551,2034,7273,244,622,432,10,110,70
Vermont,VT,2015,9545,8806,1968,6660,178,739,492,10,136,101
Vermont,VT,2016,11591,10602,2103,8217,282,989,691,14,178,106
Vermont,VT,2017,9994,8960,1854,6912,194,1034,710,14,218,92
Vermont,VT,2018,9113,8036,1467,6316,253,1077,710,10,287,70
Vermont,VT,2019,10150,8888,1275,7315,298,1262,902,11,278,71
Virginia,VA,2000,214348,194405,30434,146158,17813,19943,11631,401,1616,6295
Virginia,VA,2001,228445,207506,31604,157060,18842,20939,11945,364,1770,6860
Virginia,VA,2002,229039,207783,31757,157548,18478,21256,12068,388,1839,6961
Virginia,VA,2003,220939,200449,29105,153367,17977,20490,11554,416,1807,6713
Virginia,VA,2004,220976,200368,28759,154154,17455,20608,11503,390,1816,6899
Virginia,VA,2005,221838,200404,29829,154584,15991,21434,11718,458,1763,7495
Virginia,VA,2006,211940,190257,32166,143292,14799,21683,11672,403,1829,7779
Virginia,VA,2007,212798,191763,32028,145634,14101,21035,11131,415,1793,7696
Virginia,VA,2008,216757,196726,32188,151191,13347,20031,10397,370,1794,7470
Virginia,VA,2009,212215,194020,31956,150374,11690,18195,9911,370,1572,6342
Virginia,VA,2010,204587,187403,30804,145990,10609,17184,9550,376,1580,5678
Virginia,VA,2011,198916,182902,30656,142476,9770,16014,8694,304,1591,5425
Virginia,VA,2012,192549,176985,29511,138398,9076,15564,9092,314,1452,4706
Virginia,VA,2013,186859,170654,26640,135478,8536,16205,9062,316,2262,4565
Virginia,VA,2014,177060,160720,23122,129933,7665,16340,9400,338,2310,4292
Virginia,VA,2015,172869,156470,21340,127019,8111,16399,9235,383,2340,4441
Virginia,VA,2016,174714,156412,20018,126606,9788,18302,10278,484,2737,4803
Virginia,VA,2017,169487,151855,18468,123215,10172,17632,9985,453,2862,4332
Virginia,VA,2018,158917,141885,15574,115533,10778,17032,10113,391,2924,3604
Virginia,VA,2019,157966,140213,13900,116044,10269,17753,10987,426,2816,3524
Washington,WA,2000,300932,279144,53476,190650,35018,21788,13043,196,2737,5812
Washington,WA,2001,308492,287234,53024,195133,39077,21258,12545,179,2600,5934
Washington,WA,2002,309931,288967,54948,193526,40493,20964,12249,184,2734,5797
Washington,WA,2003,312814,291542,58271,192653,40618,21272,12509,182,2863,5718
Washington,WA,2004,322167,300837,60632,196972,43233,21330,12417,190,2857,5866
Washington,WA,2005,329406,307661,60343,198031,49287,21745,12941,205,2811,5788
Washington,WA,2006,310759,288456,58843,183179,46434,22303,12934,197,2748,6424
Washington,WA,2007,283544,261776,52874,170782,38120,21768,12862,174,2653,6079
Washington,WA,2008,271171,249283,53136,167013,29134,21888,12623,193,2653,6419
Washington,WA,2009,267627,245215,53047,168421,23747,22412,12928,190,2583,6711
Washington,WA,2010,270564,249426,55192,168490,25744,21138,12476,154,2579,5929
Washington,WA,2011,264361,244209,56561,162828,24820,20152,12042,163,2320,5627
Washington,WA,2012,272719,252333,60725,165206,26402,20386,12242,206,2193,5745
Washington,WA,2013,278815,258662,58353,171910,28399,20153,11601,160,2573,5819
Washington,WA,2014,281842,261706,55290,175769,30647,20136,11627,174,2695,5640
Washington,WA,2015,268763,248369,50993,170509,26867,20394,12029,211,2705,5449
Washington,WA,2016,276676,254653,49180,173187,32286,22023,13100,195,3077,5651
Washington,WA,2017,257575,235027,43720,162511,28796,22548,13673,230,3255,5390
Washington,WA,2018,245483,222011,40201,154133,27677,23472,14251,236,3413,5572
Washington,WA,2019,226601,204224,34540,145282,24402,22377,13700,198,3332,5147
West Virginia,WV,2000,47067,41344,9890,28139,3315,5723,4597,46,331,749
West Virginia,WV,2001,46120,41085,9601,28268,3216,5035,3968,40,320,707
West Virginia,WV,2002,45320,41099,9677,27524,3898,4221,3179,57,328,657
West Virginia,WV,2003,46997,42370,10498,28409,3463,4627,3542,73,311,701
West Virginia,WV,2004,51436,46326,10994,31566,3766,5110,3922,68,346,774
West Virginia,WV,2005,52725,47757,11334,32603,3820,4968,3735,82,335,816
West Virginia,WV,2006,53054,47941,11579,32305,4057,5113,3776,80,404,853
West Virginia,WV,2007,50636,45620,10822,31321,3477,5016,3716,65,388,847
West Virginia,WV,2008,50977,45971,10840,31967,3164,5006,3654,67,389,896
West Virginia,WV,2009,51769,46215,12005,31453,2757,5554,4086,84,470,914
West Virginia,WV,2010,46887,41301,10778,28104,2419,5586,4390,58,362,776
West Virginia,WV,2011,44506,39009,10245,26656,2108,5497,4236,87,372,802
West Virginia,WV,2012,49747,43878,11291,30378,2209,5869,4538,72,421,838
West Virginia,WV,2013,44581,39013,9674,27423,1916,5568,4203,61,653,651
West Virginia,WV,2014,43236,37648,8973,26779,1896,5588,4358,74,505,651
West Virginia,WV,2015,43482,37251,9170,25842,2239,6231,4729,70,672,760
West Virginia,WV,2016,44044,37487,9301,25677,2509,6557,5099,81,657,720
West Virginia,WV,2017,39998,33630,7628,23000,3002,6368,4964,85,795,524
West Virginia,WV,2018,32063,26827,5354,18954,2519,5236,3945,67,652,572
West Virginia,WV,2019,34050,28376,5891,20066,2419,5674,4464,78,754,378
Wisconsin,WI,2000,172124,159424,25183,119605,14636,12700,6829,169,1165,4537
Wisconsin,WI,2001,179410,166924,26927,125275,14722,12486,6708,192,1142,4444
Wisconsin,WI,2002,176987,164749,27926,123365,13458,12238,6134,154,1237,4713
Wisconsin,WI,2003,169788,157684,26546,118775,12363,12104,6322,183,1202,4397
Wisconsin,WI,2004,158258,146710,23854,111482,11374,11548,6191,154,1136,4067
Wisconsin,WI,2005,160923,147556,24448,110531,12577,13367,7471,206,1135,4555
Wisconsin,WI,2006,172647,156748,27038,115682,14028,15899,8937,165,1233,5564
Wisconsin,WI,2007,175635,159305,27890,117957,13458,16330,9438,185,1227,5480
Wisconsin,WI,2008,170963,155456,27459,116456,11541,15507,9070,146,1128,5163
Wisconsin,WI,2009,162342,147692,26813,111947,8932,14650,8482,146,1118,4904
Wisconsin,WI,2010,156948,142781,26636,107993,8152,14167,8305,155,1191,4516
Wisconsin,WI,2011,154180,139912,27167,104472,8273,14268,8340,138,1190,4600
Wisconsin,WI,2012,156577,140513,27945,104352,8216,16064,10050,173,1219,4622
Wisconsin,WI,2013,141649,125688,24347,93953,7388,15961,9278,162,1687,4834
Wisconsin,WI,2014,136952,120238,21216,89103,9919,16714,9809,165,1674,5066
Wisconsin,WI,2015,131571,113924,19554,83385,10985,17647,10395,240,1780,5232
Wisconsin,WI,2016,129399,111720,19425,82337,9958,17679,10765,229,1979,4706
Wisconsin,WI,2017,123341,104802,17599,77735,9468,18539,11869,186,2139,4345
Wisconsin,WI,2018,107862,90686,14099,67953,8634,17176,11263,176,2248,3489
Wisconsin,WI,2019,102742,85672,12667,65620,7385,17070,11643,175,2261,2991
Wyoming,WY,2000,16285,14969,2078,12318,573,1316,1074,12,160,70
Wyoming,WY,2001,17392,16120,2481,12943,696,1272,1026,9,153,84
Wyoming,WY,2002,17858,16494,2448,13303,743,1364,1108,15,148,93
Wyoming,WY,2003,17962,16648,2611,13239,798,1314,1080,14,136,84
Wyoming,WY,2004,18052,16889,2738,13352,799,1163,973,11,112,67
Wyoming,WY,2005,17242,16070,2426,12905,739,1172,958,14,122,78
Wyoming,WY,2006,16688,15381,2322,12255,804,1307,1071,13,151,72
Wyoming,WY,2007,16397,15053,2365,11875,813,1344,1067,21,172,84
Wyoming,WY,2008,15845,14515,2198,11584,733,1330,1046,12,185,87
Wyoming,WY,2009,15439,14243,2176,11310,757,1196,935,11,172,78
Wyoming,WY,2010,14986,13869,2151,11126,592,1117,870,8,162,77
Wyoming,WY,2011,14123,12878,1864,10493,521,1245,1010,18,146,71
Wyoming,WY,2012,14383,13222,2125,10513,584,1161,932,14,154,61
Wyoming,WY,2013,14004,12809,1955,10276,578,1195,916,17,187,75
Wyoming,WY,2014,12619,11477,1689,9185,603,1142,899,16,174,53
Wyoming,WY,2015,12453,11151,1762,8797,592,1302,1054,16,173,59
Wyoming,WY,2016,12890,11460,1771,8889,800,1430,1146,20,205,59
Wyoming,WY,2017,11980,10604,1593,8232,779,1376,1022,15,263,76
Wyoming,WY,2018,11539,10313,1525,7949,839,1226,870,13,243,100
Wyoming,WY,2019,10351,9093,1396,6984,713,1258,854,13,324,67
